Timestamp,Open,High,Low,Close,Volume
1971.01.01 00:00:00,357.73000,358.44000,357.72000,357.72000,20.0
1971.02.01 00:00:00,357.67000,357.67000,357.49000,357.56000,18.0
1971.03.01 00:00:00,357.63000,357.63000,357.42000,357.42000,23.0
1971.04.01 00:00:00,357.49000,357.62000,357.40000,357.40000,22.0
1971.05.01 00:00:00,357.41000,357.53000,357.14000,357.40000,20.0
1971.06.01 00:00:00,357.46000,357.46000,357.37000,357.40000,22.0
1971.07.01 00:00:00,357.40000,357.46000,357.36000,357.39000,21.0
1971.08.01 00:00:00,357.41000,357.41000,339.85000,339.85000,11.0
1971.09.01 00:00:00,341.01000,341.01000,335.35000,335.35000,21.0
1971.10.01 00:00:00,333.39000,333.39000,329.00000,329.50000,19.0
1971.11.01 00:00:00,329.45000,330.87000,327.06000,327.44000,20.0
1971.12.01 00:00:00,327.60000,327.60000,314.96000,315.01000,22.0
1972.01.01 00:00:00,314.86000,314.96000,310.08000,310.56000,21.0
1972.02.01 00:00:00,310.37000,310.37000,302.11000,303.40000,20.0
1972.03.01 00:00:00,303.21000,304.32000,301.66000,304.32000,23.0
1972.04.01 00:00:00,304.14000,305.16000,302.11000,304.88000,20.0
1972.05.01 00:00:00,304.41000,305.34000,303.58000,304.69000,22.0
1972.06.01 00:00:00,304.41000,304.69000,294.12000,300.93000,22.0
1972.07.01 00:00:00,300.84000,301.57000,300.03000,301.39000,20.0
1972.08.01 00:00:00,301.20000,301.20000,300.93000,301.11000,23.0
1972.09.01 00:00:00,301.11000,301.20000,301.02000,301.11000,20.0
1972.10.01 00:00:00,301.11000,301.20000,300.48000,301.11000,20.0
1972.11.01 00:00:00,301.02000,301.20000,299.94000,301.11000,20.0
1972.12.01 00:00:00,301.11000,302.02000,301.07000,301.66000,20.0
1973.01.01 00:00:00,301.39000,302.57000,301.20000,301.39000,22.0
1973.02.01 00:00:00,300.93000,300.93000,263.02000,265.67000,18.0
1973.03.01 00:00:00,265.60000,266.03000,254.45000,265.96000,22.0
1973.04.01 00:00:00,266.03000,266.03000,264.55000,265.53000,21.0
1973.05.01 00:00:00,265.53000,265.67000,262.47000,264.69000,22.0
1973.06.01 00:00:00,264.06000,265.18000,262.88000,263.16000,21.0
1973.07.01 00:00:00,265.25000,266.17000,259.40000,263.44000,21.0
1973.08.01 00:00:00,263.44000,265.60000,263.44000,265.39000,23.0
1973.09.01 00:00:00,265.46000,265.60000,265.25000,265.60000,19.0
1973.10.01 00:00:00,265.60000,266.95000,265.60000,266.95000,21.0
1973.11.01 00:00:00,270.27000,280.66000,270.27000,280.11000,20.0
1973.12.01 00:00:00,280.11000,280.66000,280.03000,280.27000,20.0
1974.01.01 00:00:00,280.82000,305.34000,280.82000,298.77000,22.0
1974.02.01 00:00:00,298.86000,298.86000,280.58000,288.43000,18.0
1974.03.01 00:00:00,292.06000,292.74000,274.42000,276.09000,21.0
1974.04.01 00:00:00,280.11000,280.11000,275.48000,279.64000,22.0
1974.05.01 00:00:00,279.41000,281.93000,277.39000,281.93000,22.0
1974.06.01 00:00:00,283.69000,284.25000,281.85000,284.25000,20.0
1974.07.01 00:00:00,285.31000,298.24000,285.31000,298.24000,22.0
1974.08.01 00:00:00,299.58000,303.86000,299.58000,302.94000,22.0
1974.09.01 00:00:00,302.66000,302.75000,294.81000,298.33000,20.0
1974.10.01 00:00:00,298.15000,300.12000,297.97000,299.94000,22.0
1974.11.01 00:00:00,300.48000,300.48000,299.67000,300.30000,18.0
1974.12.01 00:00:00,300.39000,301.20000,299.76000,301.02000,21.0
1975.01.01 00:00:00,300.66000,301.02000,294.99000,297.97000,22.0
1975.02.01 00:00:00,297.44000,297.44000,285.63000,286.45000,18.0
1975.03.01 00:00:00,285.39000,294.03000,284.66000,294.03000,21.0
1975.04.01 00:00:00,290.87000,294.55000,290.87000,292.23000,22.0
1975.05.01 00:00:00,292.14000,292.23000,290.36000,291.55000,21.0
1975.06.01 00:00:00,291.46000,297.00000,291.04000,295.68000,21.0
1975.07.01 00:00:00,295.68000,297.80000,295.42000,297.71000,22.0
1975.08.01 00:00:00,297.89000,298.15000,297.62000,297.97000,21.0
1975.09.01 00:00:00,297.97000,303.31000,297.80000,302.85000,21.0
1975.10.01 00:00:00,302.57000,303.12000,301.11000,301.75000,22.0
1975.11.01 00:00:00,301.75000,303.21000,301.75000,303.12000,17.0
1975.12.01 00:00:00,304.41000,306.84000,304.41000,305.16000,22.0
1976.01.01 00:00:00,305.06000,306.00000,303.58000,303.67000,21.0
1976.02.01 00:00:00,303.21000,303.21000,300.12000,302.11000,18.0
1976.03.01 00:00:00,301.66000,301.66000,299.58000,299.58000,23.0
1976.04.01 00:00:00,299.49000,300.03000,297.44000,299.04000,22.0
1976.05.01 00:00:00,298.95000,300.03000,297.89000,300.03000,20.0
1976.06.01 00:00:00,300.39000,300.48000,296.03000,297.97000,22.0
1976.07.01 00:00:00,296.91000,297.18000,292.65000,293.26000,21.0
1976.08.01 00:00:00,292.91000,293.00000,287.85000,289.35000,22.0
1976.09.01 00:00:00,288.93000,288.93000,286.04000,286.86000,21.0
1976.10.01 00:00:00,287.11000,294.38000,287.11000,294.38000,20.0
1976.11.01 00:00:00,295.86000,297.09000,293.77000,297.09000,19.0
1976.12.01 00:00:00,296.91000,297.89000,292.14000,293.08000,23.0
1977.01.01 00:00:00,292.48000,292.91000,288.18000,288.43000,21.0
1977.02.01 00:00:00,288.02000,288.35000,281.69000,282.81000,19.0
1977.03.01 00:00:00,282.49000,282.49000,276.63000,277.55000,23.0
1977.04.01 00:00:00,276.17000,278.78000,270.71000,277.78000,21.0
1977.05.01 00:00:00,278.01000,278.16000,275.94000,277.28000,21.0
1977.06.01 00:00:00,277.32000,277.32000,267.45000,267.59000,22.0
1977.07.01 00:00:00,267.13000,267.13000,263.09000,266.81000,19.0
1977.08.01 00:00:00,267.13000,267.92000,265.53000,267.50000,23.0
1977.09.01 00:00:00,268.17000,268.17000,263.71000,263.71000,21.0
1977.10.01 00:00:00,260.72000,261.10000,249.13000,249.13000,20.0
1977.11.01 00:00:00,246.73000,249.00000,239.75000,244.02000,19.0
1977.12.01 00:00:00,243.07000,243.07000,237.81000,239.98000,21.0
1978.01.01 00:00:00,237.59000,242.42000,237.42000,241.60000,21.0
1978.02.01 00:00:00,241.60000,241.84000,238.10000,238.10000,18.0
1978.03.01 00:00:00,238.27000,238.41000,222.27000,229.89000,23.0
1978.04.01 00:00:00,218.34000,228.10000,218.34000,224.97000,20.0
1978.05.01 00:00:00,225.78000,229.04000,221.34000,221.34000,22.0
1978.06.01 00:00:00,221.51000,221.51000,203.71000,203.71000,22.0
1978.07.01 00:00:00,202.43000,203.79000,189.14000,189.14000,20.0
1978.08.01 00:00:00,186.57000,193.35000,183.76000,190.51000,23.0
1978.09.01 00:00:00,190.80000,192.90000,187.65000,189.19000,20.0
1978.10.01 00:00:00,188.85000,188.85000,177.05000,179.50000,21.0
1978.11.01 00:00:00,186.00000,199.10000,186.00000,199.10000,20.0
1978.12.01 00:00:00,201.70000,201.70000,193.05000,194.30000,20.0
1979.01.01 00:00:00,194.58000,202.20000,194.58000,202.20000,22.0
1979.02.01 00:00:00,202.75000,202.75000,196.00000,202.65000,18.0
1979.03.01 00:00:00,203.75000,209.58000,203.75000,209.58000,22.0
1979.04.01 00:00:00,211.65000,221.80000,211.65000,221.80000,21.0
1979.05.01 00:00:00,224.40000,224.95000,213.15000,220.35000,22.0
1979.06.01 00:00:00,221.28000,221.28000,213.24000,217.80000,21.0
1979.07.01 00:00:00,218.30000,218.40000,213.60000,216.70000,21.0
1979.08.01 00:00:00,216.05000,221.93000,215.90000,220.40000,23.0
1979.09.01 00:00:00,221.05000,224.50000,220.30000,224.50000,19.0
1979.10.01 00:00:00,225.25000,238.10000,223.40000,237.85000,22.0
1979.11.01 00:00:00,238.15000,250.85000,234.55000,249.55000,19.0
1979.12.01 00:00:00,248.89000,248.89000,232.65000,240.30000,20.0
1980.01.01 00:00:00,238.45000,241.00000,231.55000,239.33000,22.0
1980.02.01 00:00:00,240.45000,251.65000,240.09000,251.65000,19.0
1980.03.01 00:00:00,247.85000,249.95000,246.40000,249.95000,21.0
1980.04.01 00:00:00,254.65000,261.40000,239.30000,239.35000,22.0
1980.05.01 00:00:00,240.50000,240.50000,219.20000,223.00000,21.0
1980.06.01 00:00:00,223.55000,223.55000,215.75000,219.90000,21.0
1980.07.01 00:00:00,219.50000,227.40000,216.85000,227.40000,22.0
1980.08.01 00:00:00,227.00000,227.00000,218.00000,219.10000,21.0
1980.09.01 00:00:00,215.93000,218.15000,210.80000,210.85000,21.0
1980.10.01 00:00:00,208.50000,213.75000,206.50000,211.05000,22.0
1980.11.01 00:00:00,210.80000,216.60000,209.50000,216.60000,17.0
1980.12.01 00:00:00,217.85000,217.85000,203.10000,203.10000,22.0
1981.01.01 00:00:00,202.50000,206.70000,199.05000,206.70000,21.0
1981.02.01 00:00:00,203.15000,209.70000,202.90000,209.70000,18.0
1981.03.01 00:00:00,211.10000,211.80000,206.00000,211.25000,22.0
1981.04.01 00:00:00,212.40000,218.35000,212.10000,215.78000,22.0
1981.05.01 00:00:00,215.75000,224.95000,215.75000,223.90000,20.0
1981.06.01 00:00:00,222.50000,228.10000,219.70000,226.85000,22.0
1981.07.01 00:00:00,228.25000,240.40000,226.75000,240.40000,23.0
1981.08.01 00:00:00,245.40000,246.10000,227.25000,230.50000,21.0
1981.09.01 00:00:00,230.95000,233.80000,224.20000,232.30000,21.0
1981.10.01 00:00:00,233.10000,236.15000,226.55000,232.80000,21.0
1981.11.01 00:00:00,229.15000,229.85000,214.20000,214.20000,18.0
1981.12.01 00:00:00,216.40000,222.80000,214.70000,219.80000,22.0
1982.01.01 00:00:00,218.75000,231.00000,218.75000,228.30000,20.0
1982.02.01 00:00:00,232.60000,240.65000,232.10000,237.25000,18.0
1982.03.01 00:00:00,238.30000,248.25000,233.90000,248.25000,23.0
1982.04.01 00:00:00,246.20000,248.75000,235.85000,235.85000,22.0
1982.05.01 00:00:00,236.60000,243.30000,232.85000,243.30000,20.0
1982.06.01 00:00:00,244.30000,258.95000,243.20000,255.00000,22.0
1982.07.01 00:00:00,255.95000,259.00000,249.20000,258.10000,21.0
1982.08.01 00:00:00,256.60000,264.05000,251.00000,261.10000,22.0
1982.09.01 00:00:00,259.10000,270.00000,256.20000,268.30000,21.0
1982.10.01 00:00:00,268.90000,277.45000,262.60000,277.10000,20.0
1982.11.01 00:00:00,276.90000,277.65000,249.20000,249.20000,19.0
1982.12.01 00:00:00,248.60000,248.60000,232.80000,234.70000,23.0
1983.01.01 00:00:00,232.00000,240.20000,226.75000,239.85000,21.0
1983.02.01 00:00:00,239.40000,242.20000,232.60000,237.85000,19.0
1983.03.01 00:00:00,239.00000,240.85000,235.70000,239.00000,23.0
1983.04.01 00:00:00,239.60000,239.60000,236.25000,238.30000,21.0
1983.05.01 00:00:00,237.60000,238.85000,230.90000,238.85000,22.0
1983.06.01 00:00:00,239.85000,243.05000,237.30000,239.28000,22.0
1983.07.01 00:00:00,239.15000,241.75000,239.00000,241.75000,21.0
1983.08.01 00:00:00,243.70000,247.05000,242.90000,246.45000,23.0
1983.09.01 00:00:00,246.50000,246.80000,235.65000,235.65000,22.0
1983.10.01 00:00:00,234.15000,234.30000,230.85000,234.05000,21.0
1983.11.01 00:00:00,234.77000,237.15000,232.50000,232.50000,22.0
1983.12.01 00:00:00,232.53000,236.90000,231.70000,231.70000,22.0
1984.01.01 00:00:00,231.45000,234.87000,231.45000,234.67000,22.0
1984.02.01 00:00:00,234.25000,234.60000,232.70000,233.43000,21.0
1984.03.01 00:00:00,233.43000,233.43000,223.15000,224.75000,22.0
1984.04.01 00:00:00,224.65000,227.00000,222.70000,227.00000,21.0
1984.05.01 00:00:00,226.95000,233.35000,226.40000,231.58000,23.0
1984.06.01 00:00:00,230.15000,238.00000,229.70000,237.30000,21.0
1984.07.01 00:00:00,238.50000,246.95000,238.50000,245.30000,22.0
1984.08.01 00:00:00,245.75000,245.75000,240.60000,241.90000,23.0
1984.09.01 00:00:00,241.55000,247.20000,241.55000,246.90000,20.0
1984.10.01 00:00:00,246.40000,249.10000,244.05000,245.70000,23.0
1984.11.01 00:00:00,244.30000,247.50000,240.45000,247.50000,22.0
1984.12.01 00:00:00,248.20000,251.60000,246.45000,251.60000,21.0
1985.01.01 00:00:00,250.10000,255.95000,250.10000,254.80000,3843.0
1985.02.01 00:00:00,256.75000,263.50000,255.40000,259.45000,12170.0
1985.03.01 00:00:00,260.35000,261.63000,249.00000,250.60000,19131.0
1985.04.01 00:00:00,252.45000,255.50000,247.40000,251.50000,22.0
1985.05.01 00:00:00,252.75000,254.55000,249.60000,251.20000,683.0
1985.06.01 00:00:00,248.60000,250.00000,247.55000,248.40000,20.0
1985.07.01 00:00:00,247.95000,248.35000,236.45000,236.45000,1143.0
1985.08.01 00:00:00,237.65000,239.00000,235.85000,239.00000,22.0
1985.09.01 00:00:00,238.55000,243.60000,216.50000,216.50000,2861.0
1985.10.01 00:00:00,215.00000,217.30000,211.50000,211.55000,1393.0
1985.11.01 00:00:00,209.00000,209.00000,200.80000,202.10000,2101.0
1985.12.01 00:00:00,204.03000,204.75000,200.25000,200.25000,722.0
1986.01.01 00:00:00,200.05000,202.70000,192.30000,192.30000,2423.0
1986.02.01 00:00:00,191.55000,192.05000,179.40000,180.55000,960.0
1986.03.01 00:00:00,179.65000,181.45000,175.00000,177.60000,21.0
1986.04.01 00:00:00,178.15000,182.85000,167.15000,167.60000,22.0
1986.05.01 00:00:00,169.65000,174.50000,161.15000,174.50000,702.0
1986.06.01 00:00:00,174.90000,174.90000,163.80000,163.80000,21.0
1986.07.01 00:00:00,162.70000,163.35000,153.85000,153.85000,1263.0
1986.08.01 00:00:00,153.85000,156.05000,153.25000,154.55000,21.0
1986.09.01 00:00:00,153.35000,156.40000,152.00000,154.35000,1562.0
1986.10.01 00:00:00,154.15000,163.40000,153.81000,163.40000,1963.0
1986.11.01 00:00:00,164.00000,164.50000,160.62000,162.05000,2010.0
1986.12.01 00:00:00,162.25000,163.95000,158.30000,158.30000,763.0
1987.01.01 00:00:00,158.05000,159.75000,150.00000,153.75000,58212.0
1987.02.01 00:00:00,153.85000,155.30000,151.90000,153.25000,33520.0
1987.03.01 00:00:00,153.20000,154.30000,144.80000,146.45000,32072.0
1987.04.01 00:00:00,146.60000,147.80000,137.30000,140.85000,52522.0
1987.05.01 00:00:00,141.00000,144.60000,138.05000,143.90000,34771.0
1987.06.01 00:00:00,143.95000,147.35000,140.70000,146.90000,45272.0
1987.07.01 00:00:00,146.90000,153.60000,146.25000,150.10000,44223.0
1987.08.01 00:00:00,150.40000,152.55000,141.00000,142.55000,47371.0
1987.09.01 00:00:00,142.50000,146.90000,140.45000,146.55000,39922.0
1987.10.01 00:00:00,146.60000,147.65000,137.25000,138.45000,52572.0
1987.11.01 00:00:00,138.40000,138.40000,132.00000,132.40000,42811.0
1987.12.01 00:00:00,132.40000,134.00000,120.90000,121.10000,40693.0
1988.01.01 00:00:00,120.90000,131.90000,120.30000,128.10000,59820.0
1988.02.01 00:00:00,128.35000,132.10000,127.75000,128.30000,31621.0
1988.03.01 00:00:00,128.30000,129.70000,123.65000,124.55000,29923.0
1988.04.01 00:00:00,124.50000,127.05000,123.40000,125.20000,28671.0
1988.05.01 00:00:00,125.25000,126.10000,124.00000,125.30000,17322.0
1988.06.01 00:00:00,125.30000,134.10000,124.55000,133.20000,35122.0
1988.07.01 00:00:00,133.25000,135.75000,130.20000,133.25000,41321.0
1988.08.01 00:00:00,133.30000,136.90000,131.70000,136.60000,36623.0
1988.09.01 00:00:00,136.55000,137.30000,132.90000,133.75000,29772.0
1988.10.01 00:00:00,133.85000,134.05000,124.60000,125.70000,34271.0
1988.11.01 00:00:00,125.75000,126.00000,120.70000,121.50000,31972.0
1988.12.01 00:00:00,121.45000,126.35000,121.05000,125.00000,27822.0
1989.01.01 00:00:00,124.95000,130.55000,123.20000,130.35000,39122.0
1989.02.01 00:00:00,130.35000,130.65000,125.30000,126.90000,32020.0
1989.03.01 00:00:00,126.90000,133.55000,126.90000,131.85000,31923.0
1989.04.01 00:00:00,132.90000,133.35000,130.65000,133.15000,27470.0
1989.05.01 00:00:00,133.00000,144.05000,133.00000,142.90000,47123.0
1989.06.01 00:00:00,142.90000,151.90000,137.75000,144.15000,74322.0
1989.07.01 00:00:00,144.20000,144.95000,136.50000,137.25000,52071.0
1989.08.01 00:00:00,137.20000,145.45000,135.55000,145.00000,47073.0
1989.09.01 00:00:00,145.00000,149.00000,138.90000,139.15000,52921.0
1989.10.01 00:00:00,139.00000,145.15000,138.60000,142.85000,57172.0
1989.11.01 00:00:00,142.85000,144.90000,142.00000,142.85000,33872.0
1989.12.01 00:00:00,142.85000,144.80000,141.80000,143.95000,24571.0
1990.01.01 00:00:00,143.89000,146.90000,142.60000,144.50000,43973.0
1990.02.01 00:00:00,144.50000,149.65000,143.45000,149.10000,30270.0
1990.03.01 00:00:00,149.05000,159.35000,148.55000,158.60000,46722.0
1990.04.01 00:00:00,158.75000,160.40000,155.60000,158.95000,49271.0
1990.05.01 00:00:00,158.95000,159.20000,148.90000,152.20000,46523.0
1990.06.01 00:00:00,152.20000,155.80000,150.80000,152.20000,32471.0
1990.07.01 00:00:00,152.20000,152.25000,145.80000,145.80000,46522.0
1990.08.01 00:00:00,145.80000,151.65000,142.80000,143.85000,60973.0
1990.09.01 00:00:00,143.80000,144.25000,135.25000,138.55000,47370.0
1990.10.01 00:00:00,138.50000,138.50000,123.75000,130.05000,64923.0
1990.11.01 00:00:00,130.05000,134.65000,126.35000,132.55000,49772.0
1990.12.01 00:00:00,132.40000,137.10000,130.10000,135.45000,49121.0
1991.01.01 00:00:00,135.13000,137.89000,130.80000,131.40000,58983.0
1991.02.01 00:00:00,131.30000,133.60000,127.29000,132.94000,31960.0
1991.03.01 00:00:00,133.01000,141.55000,133.01000,140.65000,49531.0
1991.04.01 00:00:00,140.64000,140.90000,134.03000,136.20000,47092.0
1991.05.01 00:00:00,136.25000,139.64000,136.20000,138.40000,33293.0
1991.06.01 00:00:00,138.50000,142.10000,137.45000,137.49000,27750.0
1991.07.01 00:00:00,138.56000,139.72000,136.09000,137.40000,31153.0
1991.08.01 00:00:00,137.19000,139.39000,135.35000,137.95000,31552.0
1991.09.01 00:00:00,136.89000,136.89000,132.55000,133.10000,23071.0
1991.10.01 00:00:00,133.08000,133.54000,128.70000,130.90000,32223.0
1991.11.01 00:00:00,130.82000,131.30000,127.66000,129.95000,28281.0
1991.12.01 00:00:00,129.80000,130.19000,124.79000,124.84000,28262.0
1992.01.01 00:00:00,124.78000,129.29000,122.69000,125.75000,50353.0
1992.02.01 00:00:00,125.64000,130.00000,124.70000,129.45000,30390.0
1992.03.01 00:00:00,129.53000,134.75000,129.45000,132.70000,36862.0
1992.04.01 00:00:00,132.72000,134.95000,131.80000,133.10000,29472.0
1992.05.01 00:00:00,133.17000,133.63000,127.55000,127.60000,27261.0
1992.06.01 00:00:00,127.33000,128.24000,124.63000,125.60000,29702.0
1992.07.01 00:00:00,125.60000,128.37000,123.55000,127.10000,34853.0
1992.08.01 00:00:00,127.19000,128.17000,122.70000,123.14000,20171.0
1992.09.01 00:00:00,123.10000,125.62000,118.65000,119.80000,37002.0
1992.10.01 00:00:00,119.80000,123.70000,118.88000,123.33000,38802.0
1992.11.01 00:00:00,123.35000,125.06000,121.88000,124.60000,23271.0
1992.12.01 00:00:00,124.65000,125.15000,122.60000,124.80000,21423.0
1993.01.01 00:00:00,124.83000,126.21000,122.98000,124.63000,20851.0
1993.02.01 00:00:00,124.60000,125.45000,115.94000,118.10000,35740.0
1993.03.01 00:00:00,118.76000,119.10000,114.64000,114.76000,37933.0
1993.04.01 00:00:00,114.76000,115.20000,109.28000,111.00000,38242.0
1993.05.01 00:00:00,110.90000,112.40000,106.78000,107.05000,34141.0
1993.06.01 00:00:00,107.40000,111.95000,104.75000,107.20000,52242.0
1993.07.01 00:00:00,107.10000,110.45000,104.20000,104.90000,58352.0
1993.08.01 00:00:00,104.55000,106.80000,100.25000,104.77000,47722.0
1993.09.01 00:00:00,104.72000,107.61000,103.33000,106.15000,44842.0
1993.10.01 00:00:00,106.04000,109.05000,104.70000,108.62000,31081.0
1993.11.01 00:00:00,108.57000,109.65000,105.49000,109.08000,33892.0
1993.12.01 00:00:00,109.05000,112.19000,107.30000,111.85000,31503.0
1994.01.01 00:00:00,111.73000,113.65000,108.15000,108.50000,40831.0
1994.02.01 00:00:00,108.00000,109.63000,101.10000,104.60000,49810.0
1994.03.01 00:00:00,104.55000,106.75000,102.05000,102.75000,42103.0
1994.04.01 00:00:00,102.70000,105.95000,100.58000,101.70000,41031.0
1994.05.01 00:00:00,101.85000,105.20000,100.70000,104.75000,34972.0
1994.06.01 00:00:00,104.70000,105.64000,98.30000,98.44000,36992.0
1994.07.01 00:00:00,98.55000,100.68000,96.50000,100.15000,43011.0
1994.08.01 00:00:00,98.70000,101.85000,97.50000,100.20000,39003.0
1994.09.01 00:00:00,100.14000,100.48000,97.50000,99.37000,29832.0
1994.10.01 00:00:00,98.85000,100.85000,96.35000,96.98000,33541.0
1994.11.01 00:00:00,96.85000,99.26000,96.05000,98.91000,28202.0
1994.12.01 00:00:00,98.85000,100.83000,98.60000,99.77000,24712.0
1995.01.01 00:00:00,99.60000,101.54000,97.97000,99.60000,32502.0
1995.02.01 00:00:00,99.43000,100.01000,96.30000,96.69000,27580.0
1995.03.01 00:00:00,96.66000,97.03000,86.10000,86.60000,63063.0
1995.04.01 00:00:00,86.50000,87.33000,79.75000,84.30000,59160.0
1995.05.01 00:00:00,84.21000,87.90000,81.77000,84.57000,51243.0
1995.06.01 00:00:00,84.65000,86.15000,83.35000,84.65000,37542.0
1995.07.01 00:00:00,84.68000,89.30000,84.45000,88.49000,33871.0
1995.08.01 00:00:00,88.43000,99.45000,87.75000,97.48000,54783.0
1995.09.01 00:00:00,97.44000,104.80000,96.77000,99.75000,59491.0
1995.10.01 00:00:00,99.85000,102.52000,99.20000,101.93000,40482.0
1995.11.01 00:00:00,101.86000,104.20000,99.75000,102.05000,42432.0
1995.12.01 00:00:00,102.02000,103.60000,100.50000,103.54000,26311.0
1996.01.01 00:00:00,103.41000,107.58000,103.07000,106.95000,35362.0
1996.02.01 00:00:00,106.94000,107.50000,103.30000,105.17000,40991.0
1996.03.01 00:00:00,105.13000,107.34000,104.84000,107.34000,26131.0
1996.04.01 00:00:00,107.33000,109.07000,103.75000,105.17000,33512.0
1996.05.01 00:00:00,105.02000,109.02000,104.16000,108.12000,31313.0
1996.06.01 00:00:00,108.05000,110.05000,107.35000,109.75000,29320.0
1996.07.01 00:00:00,109.70000,111.25000,106.28000,106.85000,35213.0
1996.08.01 00:00:00,106.81000,109.00000,106.35000,108.92000,25442.0
1996.09.01 00:00:00,108.92000,111.75000,108.57000,111.37000,23781.0
1996.10.01 00:00:00,111.34000,114.95000,110.76000,114.05000,29733.0
1996.11.01 00:00:00,114.07000,114.75000,110.55000,113.97000,35191.0
1996.12.01 00:00:00,113.77000,116.50000,111.73000,115.90000,33122.0
1997.01.01 00:00:00,116.02000,122.90000,114.85000,121.37000,46312.0
1997.02.01 00:00:00,121.24000,124.92000,119.90000,120.43000,46050.0
1997.03.01 00:00:00,120.25000,124.59000,119.95000,123.95000,38521.0
1997.04.01 00:00:00,123.83000,127.22000,121.35000,127.10000,36622.0
1997.05.01 00:00:00,127.07000,127.55000,111.88000,116.24000,62182.0
1997.06.01 00:00:00,116.07000,117.00000,110.51000,114.67000,46281.0
1997.07.01 00:00:00,114.65000,119.05000,111.90000,118.62000,43953.0
1997.08.01 00:00:00,118.55000,121.29000,114.25000,120.89000,49151.0
1997.09.01 00:00:00,121.15000,123.13000,118.16000,120.40000,50902.0
1997.10.01 00:00:00,120.35000,122.69000,118.65000,120.42000,43223.0
1997.11.01 00:00:00,120.32000,128.10000,119.85000,127.90000,47120.0
1997.12.01 00:00:00,127.79000,131.66000,125.70000,130.60000,56213.0
1998.01.01 00:00:00,130.49000,134.45000,124.30000,127.10000,6289.0
1998.02.01 00:00:00,126.35000,129.05000,122.35000,126.15000,4836.0
1998.03.01 00:00:00,126.00000,133.80000,124.72000,133.12000,5363.0
1998.04.01 00:00:00,133.10000,135.52000,127.55000,132.88000,118515.0
1998.05.01 00:00:00,132.85000,139.30000,131.25000,138.85000,144161.0
1998.06.01 00:00:00,138.70000,146.83000,133.65000,138.87000,253961.0
1998.07.01 00:00:00,138.92000,144.93000,137.43000,144.54000,212986.0
1998.08.01 00:00:00,144.85000,147.71000,139.00000,139.13000,207567.0
1998.09.01 00:00:00,139.16000,139.95000,129.10000,136.49000,269746.0
1998.10.01 00:00:00,136.49000,136.93000,111.65000,115.80000,317500.0
1998.11.01 00:00:00,115.32000,124.15000,114.40000,122.96000,237329.0
1998.12.01 00:00:00,122.90000,123.25000,113.15000,113.70000,290193.0
1999.01.01 00:00:00,113.47000,116.83000,108.22000,116.33000,144972.0
1999.02.01 00:00:00,115.93000,122.52000,111.34000,119.21000,144512.0
1999.03.01 00:00:00,119.27000,123.75000,116.89000,118.86000,152061.0
1999.04.01 00:00:00,118.86000,122.00000,117.42000,119.50000,118318.0
1999.05.01 00:00:00,119.52000,124.82000,119.42000,121.52000,124110.0
1999.06.01 00:00:00,121.53000,122.60000,117.64000,121.07000,144887.0
1999.07.01 00:00:00,121.08000,122.86000,114.14000,114.57000,132703.0
1999.08.01 00:00:00,114.86000,116.35000,109.02000,109.68000,141366.0
1999.09.01 00:00:00,109.70000,111.42000,103.19000,106.31000,159141.0
1999.10.01 00:00:00,106.28000,108.02000,103.67000,104.02000,133995.0
1999.11.01 00:00:00,104.17000,106.65000,101.26000,102.05000,140690.0
1999.12.01 00:00:00,102.08000,103.80000,101.30000,102.26000,117657.0
2000.01.01 00:00:00,102.14000,107.54000,101.39000,107.27000,122564.0
2000.02.01 00:00:00,107.27000,111.73000,107.03000,110.24000,133397.0
2000.03.01 00:00:00,110.20000,110.25000,102.03000,102.77000,154767.0
2000.04.01 00:00:00,103.32000,108.31000,102.84000,108.09000,126188.0
2000.05.01 00:00:00,107.78000,110.08000,106.05000,107.66000,159169.0
2000.06.01 00:00:00,107.65000,109.06000,103.90000,106.09000,156034.0
2000.07.01 00:00:00,106.04000,109.82000,105.27000,109.31000,151710.0
2000.08.01 00:00:00,109.33000,109.79000,105.92000,106.67000,157642.0
2000.09.01 00:00:00,106.65000,108.52000,104.77000,108.08000,145681.0
2000.10.01 00:00:00,108.16000,109.61000,107.32000,109.01000,163643.0
2000.11.01 00:00:00,108.94000,111.54000,106.80000,110.37000,175681.0
2000.12.01 00:00:00,110.37000,115.11000,110.13000,114.37000,173751.0
2001.01.01 00:00:00,114.41000,119.89000,113.54000,116.57000,202933.0
2001.02.01 00:00:00,116.56000,117.98000,114.33000,117.35000,184822.0
2001.03.01 00:00:00,117.36000,126.37000,117.01000,126.28000,229907.0
2001.04.01 00:00:00,126.39000,126.86000,120.89000,123.58000,204161.0
2001.05.01 00:00:00,123.63000,124.08000,118.52000,119.30000,227139.0
2001.06.01 00:00:00,119.32000,125.03000,118.31000,124.61000,196308.0
2001.07.01 00:00:00,124.76000,126.16000,122.70000,125.01000,208024.0
2001.08.01 00:00:00,125.02000,125.25000,118.52000,118.79000,235940.0
2001.09.01 00:00:00,119.08000,122.10000,115.79000,119.53000,215478.0
2001.10.01 00:00:00,119.47000,123.39000,119.32000,122.48000,216292.0
2001.11.01 00:00:00,122.48000,124.60000,119.69000,123.51000,198863.0
2001.12.01 00:00:00,123.37000,132.08000,123.26000,131.68000,211952.0
2002.01.01 00:00:00,131.72000,135.19000,130.37000,134.72000,214380.0
2002.02.01 00:00:00,134.74000,135.06000,131.85000,133.34000,177675.0
2002.03.01 00:00:00,133.33000,133.88000,126.38000,132.73000,204192.0
2002.04.01 00:00:00,132.97000,133.85000,127.65000,128.54000,194570.0
2002.05.01 00:00:00,128.53000,129.10000,122.80000,124.12000,212045.0
2002.06.01 00:00:00,124.29000,125.98000,118.36000,119.59000,181390.0
2002.07.01 00:00:00,119.73000,120.79000,115.48000,119.78000,215223.0
2002.08.01 00:00:00,119.76000,121.36000,116.29000,118.43000,205415.0
2002.09.01 00:00:00,118.50000,124.23000,116.83000,121.68000,217598.0
2002.10.01 00:00:00,121.68000,125.69000,121.65000,122.49000,215062.0
2002.11.01 00:00:00,122.50000,123.21000,119.08000,122.50000,191452.0
2002.12.01 00:00:00,123.37000,125.79000,118.30000,118.78000,196663.0
2003.01.01 00:00:00,118.79000,120.63000,117.42000,119.94000,212885.0
2003.02.01 00:00:00,119.90000,121.78000,116.80000,118.14000,195156.0
2003.03.01 00:00:00,118.22000,121.92000,116.35000,118.04000,205600.0
2003.04.01 00:00:00,117.99000,121.17000,117.62000,118.92000,209523.0
2003.05.01 00:00:00,118.90000,119.67000,115.07000,119.35000,233769.0
2003.06.01 00:00:00,119.61000,120.26000,117.14000,119.70000,229068.0
2003.07.01 00:00:00,119.73000,120.67000,116.65000,120.59000,252028.0
2003.08.01 00:00:00,120.56000,120.74000,116.14000,116.92000,236232.0
2003.09.01 00:00:00,116.78000,117.75000,110.10000,111.50000,238467.0
2003.10.01 00:00:00,111.50000,111.58000,107.81000,110.06000,243593.0
2003.11.01 00:00:00,109.74000,111.52000,107.53000,109.65000,208530.0
2003.12.01 00:00:00,109.79000,110.05000,106.72000,107.21000,221663.0
2004.01.01 00:00:00,107.23000,108.30000,105.46000,105.78000,214083.0
2004.02.01 00:00:00,105.74000,109.86000,105.15000,109.35000,201751.0
2004.03.01 00:00:00,109.07000,112.36000,103.40000,104.25000,236837.0
2004.04.01 00:00:00,104.22000,111.07000,103.48000,110.55000,238961.0
2004.05.01 00:00:00,110.43000,114.94000,108.31000,109.48000,275369.0
2004.06.01 00:00:00,109.44000,112.04000,107.00000,108.80000,274563.0
2004.07.01 00:00:00,108.79000,112.46000,107.56000,111.33000,263892.0
2004.08.01 00:00:00,111.08000,112.07000,108.72000,109.09000,225316.0
2004.09.01 00:00:00,109.08000,111.70000,108.94000,110.07000,161875.0
2004.10.01 00:00:00,110.06000,111.44000,105.74000,105.76000,162800.0
2004.11.01 00:00:00,105.80000,107.27000,102.13000,103.03000,185428.0
2004.12.01 00:00:00,103.02000,106.17000,101.81000,102.47000,214653.0
2005.01.01 00:00:00,102.64000,105.20000,101.67000,103.62000,186482.0
2005.02.01 00:00:00,103.61000,106.88000,103.35000,104.57000,169707.0
2005.03.01 00:00:00,104.56000,107.71000,103.65000,107.14000,192723.0
2005.04.01 00:00:00,107.15000,108.91000,104.61000,104.68000,198939.0
2005.05.01 00:00:00,105.06000,108.61000,104.20000,108.50000,228059.0
2005.06.01 00:00:00,108.50000,111.02000,106.50000,110.75000,256794.0
2005.07.01 00:00:00,110.79000,113.73000,109.86000,112.74000,245339.0
2005.08.01 00:00:00,112.65000,112.78000,109.02000,110.62000,260447.0
2005.09.01 00:00:00,110.63000,114.01000,108.76000,114.01000,243520.0
2005.10.01 00:00:00,113.52000,116.69000,113.01000,116.59000,210603.0
2005.11.01 00:00:00,116.58000,119.96000,116.40000,119.82000,194497.0
2005.12.01 00:00:00,119.81000,121.42000,115.51000,117.69000,197307.0
2006.01.01 00:00:00,117.89000,118.07000,113.41000,117.22000,198796.0
2006.02.01 00:00:00,117.28000,119.42000,115.66000,115.77000,182969.0
2006.03.01 00:00:00,115.76000,119.21000,115.45000,117.79000,227657.0
2006.04.01 00:00:00,117.74000,118.92000,113.65000,113.83000,198013.0
2006.05.01 00:00:00,113.67000,114.21000,108.97000,112.58000,233301.0
2006.06.01 00:00:00,112.58000,116.72000,111.32000,114.43000,212796.0
2006.07.01 00:00:00,114.33000,117.89000,113.44000,114.64000,202316.0
2006.08.01 00:00:00,114.62000,117.51000,113.97000,117.36000,220985.0
2006.09.01 00:00:00,117.37000,118.31000,115.57000,118.17000,213532.0
2006.10.01 00:00:00,118.09000,119.87000,116.61000,116.87000,171831.0
2006.11.01 00:00:00,116.87000,118.58000,115.37000,115.74000,163693.0
2006.12.01 00:00:00,115.73000,119.23000,114.41000,119.06000,153757.0
2007.01.01 00:00:00,118.98000,122.17000,117.97000,120.85000,167907.0
2007.02.01 00:00:00,120.85000,122.05000,117.47000,118.50000,144083.0
2007.03.01 00:00:00,118.54000,118.84000,115.13000,117.82000,226501.0
2007.04.01 00:00:00,117.50000,119.87000,117.46000,119.41000,145479.0
2007.05.01 00:00:00,119.41000,121.98000,119.06000,121.71000,153685.0
2007.06.01 00:00:00,121.70000,124.13000,120.76000,123.16000,148895.0
2007.07.01 00:00:00,123.05000,123.66000,117.97000,118.40000,200861.0
2007.08.01 00:00:00,118.43000,119.80000,111.59000,115.75000,396576.0
2007.09.01 00:00:00,115.74000,116.46000,112.58000,114.78000,245730.0
2007.10.01 00:00:00,114.71000,117.93000,113.23000,115.31000,225662.0
2007.11.01 00:00:00,115.30000,115.91000,107.21000,111.20000,300535.0
2007.12.01 00:00:00,110.96000,114.70000,109.55000,111.71000,159159.0
2008.01.01 00:00:00,111.69000,111.91000,104.97000,106.39000,324439.0
2008.02.01 00:00:00,106.39000,108.59000,103.67000,103.71000,230992.0
2008.03.01 00:00:00,103.28000,104.17000,95.77000,99.90000,356467.0
2008.04.01 00:00:00,99.89000,104.88000,99.59000,103.93000,380656.0
2008.05.01 00:00:00,103.92000,105.87000,102.58000,105.50000,324388.0
2008.06.01 00:00:00,105.28000,108.58000,103.87000,106.08000,324371.0
2008.07.01 00:00:00,106.07000,108.37000,103.76000,107.83000,294196.0
2008.08.01 00:00:00,107.88000,110.66000,107.28000,108.79000,246605.0
2008.09.01 00:00:00,108.33000,109.18000,103.49000,105.99000,507597.0
2008.10.01 00:00:00,105.99000,106.53000,90.92000,98.46000,798276.0
2008.11.01 00:00:00,98.23000,100.54000,93.55000,95.52000,619017.0
2008.12.01 00:00:00,95.54000,95.55000,87.13000,90.86000,280801.0
2009.01.01 00:00:00,91.17000,94.61000,87.12000,89.90000,330298.0
2009.02.01 00:00:00,89.68000,98.70000,88.58000,97.56500,535799.0
2009.03.01 00:00:00,97.64700,99.66700,93.53300,98.88100,846218.0
2009.04.01 00:00:00,98.88700,101.43000,95.61400,98.54400,798646.0
2009.05.01 00:00:00,98.55800,99.71700,93.85000,95.30000,984382.0
2009.06.01 00:00:00,95.28000,98.87000,94.44000,96.30300,1024593.0
2009.07.01 00:00:00,96.30100,96.96700,91.74000,94.67000,355835.0
2009.08.01 00:00:00,94.93000,97.79000,92.55000,92.98000,211325.0
2009.09.01 00:00:00,92.97000,93.41000,88.24000,89.71000,420477.0
2009.10.01 00:00:00,89.72000,92.32000,88.00000,90.08100,221079.0
2009.11.01 00:00:00,89.66300,91.26300,84.81900,86.32700,966511.0
2009.12.01 00:00:00,86.32200,93.12900,86.15600,93.12900,861103.0
2010.01.01 00:00:00,92.91800,93.74800,89.13200,90.25500,888938.0
2010.02.01 00:00:00,90.20500,92.14100,88.57200,88.95600,808553.0
2010.03.01 00:00:00,88.93100,93.62600,88.13600,93.44300,732567.0
2010.04.01 00:00:00,93.43300,94.68300,91.59500,93.83800,776161.0
2010.05.01 00:00:00,93.93200,94.97800,88.25400,91.16100,1108332.0
2010.06.01 00:00:00,91.15100,92.87700,88.27900,88.40000,996922.0
2010.07.01 00:00:00,88.39900,89.14500,85.98000,86.45800,839902.0
2010.08.01 00:00:00,86.41000,86.87100,83.61900,84.16900,698836.0
2010.09.01 00:00:00,84.17000,85.92200,82.86900,83.48900,664701.0
2010.10.01 00:00:00,83.49100,83.97200,80.37600,80.38900,721761.0
2010.11.01 00:00:00,80.35700,84.39800,80.29500,83.65900,1201006.0
2010.12.01 00:00:00,83.65900,84.49400,80.93400,81.12600,1302732.0
2011.01.01 00:00:00,81.10600,83.67400,81.07100,82.05500,1257677.0
2011.02.01 00:00:00,82.05400,83.96400,81.12900,81.76400,1096836.0
2011.03.01 00:00:00,81.76100,83.28700,76.40400,83.17100,1520390.0
2011.04.01 00:00:00,83.17100,85.51400,81.03200,81.18100,1123369.0
2011.05.01 00:00:00,81.09900,82.22900,79.58200,81.49900,975107.0
2011.06.01 00:00:00,81.49300,81.49400,79.69400,80.55800,1112704.0
2011.07.01 00:00:00,80.55800,81.46700,76.72200,76.76800,903581.0
2011.08.01 00:00:00,77.39100,80.22800,75.95700,76.73200,1381276.0
2011.09.01 00:00:00,76.73100,77.84900,76.09400,76.98900,1211968.0
2011.10.01 00:00:00,77.09500,79.52300,75.57000,78.17200,1088147.0
2011.11.01 00:00:00,78.10700,78.96300,76.56100,77.57500,1028374.0
2011.12.01 00:00:00,77.57600,78.21100,76.85600,76.88500,771008.0
2012.01.01 00:00:00,77.09000,78.27700,76.15100,76.29300,836216.0
2012.02.01 00:00:00,76.29200,81.57500,76.01800,81.27600,1029588.0
2012.03.01 00:00:00,81.27700,84.16700,80.57800,82.84800,1231393.0
2012.04.01 00:00:00,82.95400,83.29200,79.73100,79.82100,1116896.0
2012.05.01 00:00:00,79.82200,80.60700,78.20600,78.36400,1161648.0
2012.06.01 00:00:00,78.36500,80.61500,77.65700,79.78500,1300045.0
2012.07.01 00:00:00,79.90500,80.09000,77.94400,78.11200,1019557.0
2012.08.01 00:00:00,78.11400,79.65000,77.91700,78.37700,947462.0
2012.09.01 00:00:00,78.32600,79.20900,77.13500,77.94200,890174.0
2012.10.01 00:00:00,77.96000,80.37100,77.78000,79.81000,796023.0
2012.11.01 00:00:00,79.80900,82.83100,79.07000,82.46700,1578682.0
2012.12.01 00:00:00,82.40000,86.68000,81.71100,86.61000,1444868.0
2013.01.01 00:00:00,86.65800,91.79700,86.53500,91.73300,2271470.0
2013.02.01 00:00:00,91.73200,94.43100,90.92900,92.62300,2180886.0
2013.03.01 00:00:00,92.62200,96.70700,92.43800,94.15000,907782.0
2013.04.01 00:00:00,94.25200,99.94400,92.56800,97.38100,1156481.0
2013.05.01 00:00:00,97.38300,103.73300,97.02200,100.43300,1205078.0
2013.06.01 00:00:00,100.54400,100.72100,93.78800,99.12100,1584572.0
2013.07.01 00:00:00,99.21200,101.53100,97.58400,97.80300,1213050.0
2013.08.01 00:00:00,97.80800,99.94800,95.80900,98.11600,1117212.0
2013.09.01 00:00:00,98.32100,100.60800,97.49900,98.24000,847752.0
2013.10.01 00:00:00,98.24500,99.00300,96.56700,98.35300,838278.0
2013.11.01 00:00:00,98.35400,102.61200,97.63300,102.40500,657312.0
2013.12.01 00:00:00,102.49900,105.41200,101.62400,105.25200,679014.0
2014.01.01 00:00:00,105.23700,105.44000,101.84200,101.93200,856585.0
2014.02.01 00:00:00,102.14200,102.82700,100.75500,101.77900,726887.0
2014.03.01 00:00:00,101.48000,103.75900,101.19900,103.22400,1078910.0
2014.04.01 00:00:00,103.22400,104.12700,101.32400,102.21700,885875.0
2014.05.01 00:00:00,102.22200,103.01800,100.82100,101.74600,722223.0
2014.06.01 00:00:00,101.81100,102.79400,101.23300,101.29900,679554.0
2014.07.01 00:00:00,101.30100,103.07900,101.06500,102.79800,855942.0
2014.08.01 00:00:00,102.80000,104.26800,101.50500,104.08400,740492.0
2014.09.01 00:00:00,104.14400,109.84900,104.09600,109.60600,1128940.0
2014.10.01 00:00:00,109.61000,112.46900,105.19700,112.31500,1667361.0
2014.11.01 00:00:00,112.93900,118.97400,112.56700,118.58400,1668425.0
2014.12.01 00:00:00,118.74100,121.84300,115.56400,119.83600,1819592.0
2015.01.01 00:00:00,120.40100,120.74100,115.85000,117.47000,2422508.0
2015.02.01 00:00:00,116.93000,120.47100,116.87200,119.62200,1326898.0
2015.03.01 00:00:00,119.69800,122.02100,118.32400,120.11300,1452570.0
2015.04.01 00:00:00,120.09200,120.84100,118.49200,119.39500,1434544.0
2015.05.01 00:00:00,119.38600,124.44800,118.88600,124.11200,1295214.0
2015.06.01 00:00:00,124.09600,125.85300,121.93500,122.48700,2466500.0
2015.07.01 00:00:00,122.48300,124.57700,120.40800,123.85000,2794971.0
2015.08.01 00:00:00,123.86600,125.27600,116.13100,121.21500,3071131.0
2015.09.01 00:00:00,121.19100,121.32600,118.59100,119.87200,3837339.0
2015.10.01 00:00:00,119.87100,121.48500,118.05800,120.60300,3012755.0
2015.11.01 00:00:00,120.38500,123.75100,120.25200,123.10000,2475118.0
2015.12.01 00:00:00,123.10000,123.66700,119.99900,120.20700,2612167.0
2016.01.01 00:00:00,120.19600,121.68600,115.97000,121.11900,3718872.0
2016.02.01 00:00:00,121.31400,121.48200,110.97900,112.66900,4195717.0
2016.03.01 00:00:00,112.66600,114.55000,110.66400,112.57100,3110296.0
2016.04.01 00:00:00,112.54900,112.58000,106.27400,106.33400,2987784.0
2016.05.01 00:00:00,106.22300,111.44500,105.54500,110.70700,2779127.0
2016.06.01 00:00:00,110.70700,110.82700,98.93500,103.17600,3743799.0
2016.07.01 00:00:00,103.19000,107.48800,99.98800,102.04000,3347531.0
2016.08.01 00:00:00,102.21200,103.52800,99.53600,103.41400,2773697.0
2016.09.01 00:00:00,103.41000,104.31600,100.08100,101.32200,3006085.0
2016.10.01 00:00:00,101.20800,105.52800,101.12500,104.76100,2610509.0
2016.11.01 00:00:00,104.76000,114.53400,101.18600,114.44400,4137941.0
2016.12.01 00:00:00,114.40600,118.65900,112.85900,116.81400,3138770.0
2017.01.01 00:00:00,116.78000,118.60200,112.07600,112.78400,4078085.0
2017.02.01 00:00:00,112.77100,114.95300,111.58800,112.75200,3036675.0
2017.03.01 00:00:00,112.73300,115.50000,110.10600,111.26400,3407014.0
2017.04.01 00:00:00,111.35500,111.77400,108.12900,111.52800,2738639.0
2017.05.01 00:00:00,111.20700,114.36500,110.23100,110.77700,2812495.0
2017.06.01 00:00:00,110.77700,112.92200,108.80500,112.36100,2231756.0
2017.07.01 00:00:00,112.11200,114.49000,110.21000,110.25300,2373389.0
2017.08.01 00:00:00,110.24300,111.04600,108.26400,109.95500,2823889.0
2017.09.01 00:00:00,109.97800,113.25600,107.31400,112.44500,2447103.0
2017.10.01 00:00:00,112.50500,114.45100,111.65300,113.63400,2156623.0
2017.11.01 00:00:00,113.62900,114.73400,110.84100,112.52700,2208538.0
2017.12.01 00:00:00,112.52700,113.75000,111.40100,112.69500,2340170.0
2018.01.01 00:00:00,112.50300,113.38600,108.28200,109.18500,3536296.0
2018.02.01 00:00:00,109.18400,110.48200,105.54500,106.66200,4383927.0
2018.03.01 00:00:00,106.66200,107.29200,104.62800,106.27900,3590976.0
2018.04.01 00:00:00,106.16500,109.53600,105.65600,109.32700,1668456.0
2018.05.01 00:00:00,109.34100,111.39500,108.11100,108.80200,1918883.0
2018.06.01 00:00:00,108.80200,110.94300,108.72000,110.75600,1591622.0
2018.07.01 00:00:00,110.58500,113.16700,110.27500,111.86200,1765933.0
2018.08.01 00:00:00,111.81400,112.14700,109.77000,111.08900,1368137.0
2018.09.01 00:00:00,111.05100,113.70300,110.37600,113.67100,1084869.0
2018.10.01 00:00:00,113.69600,114.54600,111.37400,112.92800,2042765.0
2018.11.01 00:00:00,112.92800,114.20300,112.30000,113.47100,1436578.0
2018.12.01 00:00:00,113.68900,113.81700,109.55300,109.60300,1808469.0
2019.01.01 00:00:00,109.42400,109.99500,104.72000,108.85300,1782646.0
2019.02.01 00:00:00,108.85100,111.49000,108.72000,111.37300,1158947.0
2019.03.01 00:00:00,111.37800,112.13200,109.70400,110.81000,1322527.0
2019.04.01 00:00:00,110.99400,112.39600,110.80400,111.41900,1041283.0
2019.05.01 00:00:00,111.42800,111.69100,108.27400,108.27600,1499099.0
2019.06.01 00:00:00,108.27000,108.79700,106.77400,107.91700,1378184.0
2019.07.01 00:00:00,107.91400,108.99900,107.20900,108.75000,997812.0
2019.08.01 00:00:00,108.76900,109.31700,104.44900,106.25300,2007037.0
2019.09.01 00:00:00,106.02700,108.47500,105.73500,108.07000,1338024.0
2019.10.01 00:00:00,108.07000,109.28500,106.48000,108.01900,1213340.0
2019.11.01 00:00:00,108.01900,109.66900,107.88400,109.48700,800424.0
2019.12.01 00:00:00,109.51700,109.72600,108.42600,108.65800,702030.0
2020.01.01 00:00:00,108.70500,110.28700,107.64700,108.34600,887299.0
2020.02.01 00:00:00,108.43100,112.22500,107.50600,108.06200,1333127.0
2020.03.01 00:00:00,107.51300,111.71100,101.17700,107.48500,4590436.0
2020.04.01 00:00:00,107.54700,109.37900,106.35600,107.13000,2383793.0
2020.05.01 00:00:00,107.11800,108.08500,105.98500,107.78500,938227.0
2020.06.01 00:00:00,107.67400,109.84800,106.07100,107.92300,1106720.0
2020.07.01 00:00:00,107.92400,108.16100,104.18500,105.92700,866830.0
2020.08.01 00:00:00,105.76900,107.04700,105.09900,105.89800,1009714.0
2020.09.01 00:00:00,105.90000,106.55000,103.99900,105.44500,894671.0
2020.10.01 00:00:00,105.51900,106.10700,104.02300,104.66700,864026.0
2020.11.01 00:00:00,104.48800,105.67600,103.17500,104.31500,1035886.0
2020.12.01 00:00:00,104.30600,104.75100,102.87500,103.25300,1363051.0
2021.01.01 00:00:00,103.12100,104.94000,102.59100,104.72300,1188932.0
2021.02.01 00:00:00,104.76500,106.69500,104.40800,106.55200,1013390.0
2021.03.01 00:00:00,106.47600,110.96600,106.36500,110.70800,1429349.0
2021.04.01 00:00:00,110.70300,110.84700,107.47700,109.32900,980691.0
2021.05.01 00:00:00,109.26100,110.20000,108.33800,109.55600,1016080.0
2021.06.01 00:00:00,109.55700,111.12100,109.18600,111.10100,1311612.0
2021.07.01 00:00:00,111.10100,111.65900,109.06500,109.65600,1394714.0
2021.08.01 00:00:00,109.62400,110.80000,108.72100,110.00700,1045286.0
2021.09.01 00:00:00,109.99100,112.08100,109.11300,111.29300,1269901.0
2021.10.01 00:00:00,111.24200,114.69800,110.82100,113.96100,1442217.0
2021.11.01 00:00:00,114.10200,115.52000,112.53000,113.16000,1830770.0
2021.12.01 00:00:00,113.14000,115.20600,112.55500,115.08800,1672361.0
2022.01.01 00:00:00,115.05800,116.34900,113.46900,115.11800,1468537.0
2022.02.01 00:00:00,115.09100,116.34200,114.15300,114.96900,1962357.0
2022.03.01 00:00:00,114.94400,125.10000,114.64900,121.69500,2366422.0
2022.04.01 00:00:00,121.66900,131.25100,121.60100,129.86300,2605611.0
2022.05.01 00:00:00,129.72600,131.34800,126.35900,128.64700,3096867.0
2022.06.01 00:00:00,128.62500,137.00600,128.62100,135.72600,3949883.0
2022.07.01 00:00:00,135.66600,139.38700,132.50200,133.22400,3900337.0
2022.08.01 00:00:00,133.19600,139.07300,130.39500,138.95400,4534688.0
2022.09.01 00:00:00,138.92800,145.89800,138.79800,144.79300,3743616.0
2022.10.01 00:00:00,144.59600,151.94500,143.52400,148.75600,3528651.0
2022.11.01 00:00:00,148.75500,148.82500,137.50000,138.03600,4204137.0
2022.12.01 00:00:00,138.03000,138.17300,130.56700,131.10900,2428122.0
2023.01.01 00:00:00,130.92100,134.77500,127.21800,130.10200,2214734.0
2023.02.01 00:00:00,130.06700,136.91800,128.08000,136.21700,2789149.0
2023.03.01 00:00:00,136.22400,137.91100,129.64000,132.81900,4042193.0
2023.04.01 00:00:00,133.31200,136.56200,130.62900,136.27800,2992036.0
2023.05.01 00:00:00,136.11200,140.93000,133.49700,139.30700,3286145.0
2023.06.01 00:00:00,139.32800,145.06900,138.43300,144.29700,2359926.0
2023.07.01 00:00:00,144.35100,144.91100,137.23300,142.27600,2518847.0
2023.08.01 00:00:00,142.28700,147.37500,141.51000,145.52200,2410224.0
2023.09.01 00:00:00,145.52200,149.70800,144.43900,149.32500,1614067.0
2023.10.01 00:00:00,149.60500,151.70600,147.29100,151.61800,1941430.0
2023.11.01 00:00:00,151.60400,151.90600,146.66900,148.17900,1270108.0
2023.12.01 00:00:00,148.17900,148.34800,140.24900,140.99100,3120165.0
2024.01.01 00:00:00,140.83000,148.80400,140.80700,146.89400,6053649.0
2024.02.01 00:00:00,146.89000,150.88100,145.89500,149.95500,2765271.0
2024.03.01 00:00:00,149.96800,151.96800,146.48000,151.32100,1628773.0
2024.04.01 00:00:00,151.31000,160.22200,150.81000,157.78900,1075468.0
2024.05.01 00:00:00,157.78000,157.98600,151.86000,157.22000,894088.0
2024.06.01 00:00:00,157.18000,161.28200,154.54400,160.82600,850624.0
2024.07.01 00:00:00,160.76000,161.95000,149.60900,149.96900,1148473.0
2024.08.01 00:00:00,149.94400,150.88800,141.68900,146.15100,1558154.0
2024.09.01 00:00:00,146.06000,147.20600,139.57800,143.60600,1530538.0
2024.10.01 00:00:00,143.59300,153.88100,142.97100,152.04100,1372722.0
2024.11.01 00:00:00,152.04000,156.74600,149.46500,149.66000,1471992.0
2024.12.01 00:00:00,149.65000,158.08200,148.64000,157.12100,1262648.0
2025.01.01 00:00:00,157.05900,158.87600,153.71200,155.18000,1353998.0
2025.02.01 00:00:00,154.80300,155.88600,148.56100,150.60800,1322492.0
2025.03.01 00:00:00,150.62700,151.30100,146.54100,149.92500,1678751.0
2025.04.01 00:00:00,149.92200,150.48100,139.87700,143.02700,3037282.0
2025.05.01 00:00:00,142.96000,148.63800,142.10600,144.00700,2098031.0
2025.06.01 00:00:00,143.77500,148.01600,142.37200,143.98400,1839559.0
2025.07.01 00:00:00,143.96300,150.83100,142.67300,150.70900,1661458.0
2025.08.01 00:00:00,150.70500,150.91100,146.20700,146.97000,1446024.0
2025.09.01 00:00:00,147.04200,149.95400,145.48200,147.92500,1041439.0
2025.10.01 00:00:00,147.81200,154.44400,146.58900,153.97100,1156118.0
2025.11.01 00:00:00,153.97600,157.89000,152.82000,156.13400,966429.0
2025.12.01 00:00:00,156.05300,157.77400,154.34100,156.64900,1013047.0
2026.01.01 00:00:00,156.65200,159.45100,152.09300,154.77100,1064148.0
2026.02.01 00:00:00,154.83800,157.65900,152.27000,156.03000,1040165.0
2026.03.01 00:00:00,155.90400,160.45900,155.88000,158.70400,3508273.0
2026.04.01 00:00:00,158.67700,160.72300,155.55600,156.60800,1922852.0
2026.05.01 00:00:00,156.44700,159.65100,155.03000,159.27700,1639276.0
2026.06.01 00:00:00,159.35000,162.67200,159.29600,162.54900,2627758.0
2026.07.01 00:00:00,162.49100,163.98800,157.23300,157.31200,4366286.0
