time,open,high,low,close,tick_volume,spread,real_volume,time_iso
31536000,0.5369,0.5388,0.5365,0.5387,20,50,0,1971-01-01
34214400,0.5386,0.5389,0.5379,0.5379,18,50,0,1971-02-01
36633600,0.5383,0.539,0.5382,0.5387,23,50,0,1971-03-01
39312000,0.5388,0.5389,0.5367,0.5384,22,50,0,1971-04-01
41904000,0.5385,0.5586,0.5385,0.5514,20,50,0,1971-05-01
44582400,0.5478,0.5598,0.5478,0.5592,22,50,0,1971-06-01
47174400,0.5592,0.5651,0.5586,0.5651,21,50,0,1971-07-01
49852800,0.5649,0.5775,0.5649,0.5755,17,50,0,1971-08-01
52531200,0.5758,0.5907,0.5758,0.5896,21,50,0,1971-09-01
55123200,0.5889,0.5901,0.5858,0.5858,19,50,0,1971-10-01
57801600,0.5865,0.5912,0.5841,0.5904,20,50,0,1971-11-01
60393600,0.5921,0.6016,0.5921,0.5981,22,50,0,1971-12-01
63072000,0.5977,0.6098,0.5976,0.6092,21,50,0,1972-01-01
65750400,0.6107,0.6197,0.6107,0.6149,20,50,0,1972-02-01
68256000,0.6149,0.6196,0.5965,0.6174,23,50,0,1972-03-01
70934400,0.6175,0.6175,0.612,0.615,20,50,0,1972-04-01
73526400,0.6151,0.6163,0.6139,0.6157,72,50,0,1972-05-01
76204800,0.6155,0.6221,0.6128,0.6206,1652,50,0,1972-06-01
78796800,0.6208,0.6213,0.6155,0.6159,840,50,0,1972-07-01
81475200,0.6156,0.6157,0.6114,0.6132,773,50,0,1972-08-01
84153600,0.6129,0.6144,0.6104,0.6104,350,50,0,1972-09-01
86745600,0.6086,0.6117,0.6083,0.6101,1240,50,0,1972-10-01
89424000,0.6107,0.6129,0.6092,0.6129,420,50,0,1972-11-01
92016000,0.6133,0.6134,0.6102,0.6108,230,50,0,1972-12-01
94694400,0.61,0.6203,0.6085,0.62,752,50,0,1973-01-01
97372800,0.6207,0.6902,0.6189,0.6881,3698,50,0,1973-02-01
99792000,0.6987,0.7118,0.6882,0.6884,6512,50,0,1973-03-01
102470400,0.6848,0.6931,0.684,0.6892,2101,50,0,1973-04-01
105062400,0.6891,0.7252,0.6855,0.7248,4152,50,0,1973-05-01
107740800,0.731,0.8049,0.7299,0.8039,7551,50,0,1973-06-01
110332800,0.8146,0.8645,0.8126,0.8418,13871,50,0,1973-07-01
113011200,0.8351,0.8366,0.7881,0.7944,4543,50,0,1973-08-01
115689600,0.7978,0.8189,0.7966,0.8101,2679,50,0,1973-09-01
118281600,0.8108,0.8193,0.7987,0.7997,3981,50,0,1973-10-01
120960000,0.7977,0.7996,0.7334,0.7455,4770,50,0,1973-11-01
123552000,0.7446,0.7446,0.7228,0.723,1440,50,0,1973-12-01
126230400,0.7081,0.7107,0.6774,0.7081,11732,50,0,1974-01-01
128908800,0.7064,0.7363,0.7064,0.7307,3208,50,0,1974-02-01
131328000,0.729,0.7817,0.729,0.7728,4881,50,0,1974-03-01
134006400,0.7683,0.7989,0.7575,0.7956,3992,50,0,1974-04-01
136598400,0.796,0.8164,0.7657,0.7747,6712,50,0,1974-05-01
139276800,0.7778,0.7896,0.7569,0.7675,3650,50,0,1974-06-01
141868800,0.7632,0.7798,0.7558,0.7594,3162,50,0,1974-07-01
144547200,0.7595,0.7616,0.7342,0.735,3252,50,0,1974-08-01
147225600,0.7359,0.7395,0.7311,0.7374,3660,50,0,1974-09-01
149817600,0.739,0.765,0.7388,0.7586,3072,50,0,1974-10-01
152496000,0.762,0.8021,0.7619,0.7903,4659,50,0,1974-11-01
155088000,0.7831,0.8162,0.7821,0.8111,3121,50,0,1974-12-01
157766400,0.8102,0.8498,0.8091,0.8361,6682,50,0,1975-01-01
160444800,0.8299,0.8586,0.8216,0.8583,3659,50,0,1975-02-01
162864000,0.859,0.859,0.8308,0.8339,3761,50,0,1975-03-01
165542400,0.8369,0.8369,0.8153,0.8222,3432,50,0,1975-04-01
168134400,0.8222,0.8429,0.8207,0.8352,5221,50,0,1975-05-01
170812800,0.8364,0.8398,0.8288,0.8296,3411,50,0,1975-06-01
173404800,0.8264,0.8271,0.7613,0.7616,5672,50,0,1975-07-01
176083200,0.7617,0.7664,0.7544,0.7573,4171,50,0,1975-08-01
178761600,0.7576,0.7598,0.7321,0.7383,2741,50,0,1975-09-01
181353600,0.7494,0.7654,0.743,0.7646,4652,50,0,1975-10-01
184032000,0.7655,0.7655,0.7449,0.7453,2668,50,0,1975-11-01
186624000,0.7478,0.7502,0.7411,0.7465,1172,50,0,1975-12-01
189302400,0.7468,0.7559,0.7466,0.7557,1451,50,0,1976-01-01
191980800,0.7615,0.772,0.759,0.7614,888,50,0,1976-02-01
194486400,0.7581,0.7733,0.7579,0.7699,2073,50,0,1976-03-01
197164800,0.774,0.7742,0.7679,0.7712,1032,50,0,1976-04-01
199756800,0.7717,0.7723,0.7541,0.7544,1040,50,0,1976-05-01
202435200,0.7536,0.7619,0.7532,0.7594,1212,50,0,1976-06-01
205027200,0.7589,0.7693,0.7574,0.7692,1141,50,0,1976-07-01
207705600,0.7713,0.7802,0.768,0.7735,1152,50,0,1976-08-01
210384000,0.7759,0.8035,0.7751,0.8035,1221,50,0,1976-09-01
212976000,0.7992,0.8163,0.7951,0.815,1090,50,0,1976-10-01
215654400,0.811,0.8149,0.8071,0.8134,790,50,0,1976-11-01
218246400,0.8099,0.8304,0.8099,0.8287,953,50,0,1976-12-01
220924800,0.8344,0.8357,0.8044,0.8123,1601,50,0,1977-01-01
223603200,0.8093,0.8191,0.8073,0.819,1209,50,0,1977-02-01
226022400,0.8176,0.8201,0.8152,0.8181,473,50,0,1977-03-01
228700800,0.8175,0.8309,0.8175,0.8303,751,50,0,1977-04-01
231292800,0.8304,0.8339,0.8242,0.8289,1161,50,0,1977-05-01
233971200,0.8296,0.8363,0.828,0.8356,802,50,0,1977-06-01
236563200,0.8355,0.8708,0.8355,0.8542,2059,50,0,1977-07-01
239241600,0.8507,0.8536,0.8359,0.8439,1413,50,0,1977-08-01
241920000,0.8438,0.8469,0.839,0.8436,2101,50,0,1977-09-01
244512000,0.8537,0.8691,0.8495,0.8691,1160,50,0,1977-10-01
247190400,0.8731,0.8834,0.8648,0.8796,2799,50,0,1977-11-01
249782400,0.8839,0.9328,0.8837,0.9324,2711,50,0,1977-12-01
252460800,0.9357,0.9478,0.908,0.926,3171,50,0,1978-01-01
255139200,0.9246,0.9704,0.9244,0.9704,5270,50,0,1978-02-01
257558400,0.9683,0.979,0.9491,0.9788,3053,50,0,1978-03-01
260236800,0.9742,0.9746,0.939,0.9431,5270,50,0,1978-04-01
262828800,0.9445,0.9454,0.9165,0.9325,3133,50,0,1978-05-01
265507200,0.9355,0.9441,0.9335,0.9439,1332,50,0,1978-06-01
268099200,0.9469,0.9599,0.9447,0.9597,1741,50,0,1978-07-01
270777600,0.9583,1.0053,0.9575,0.9834,2783,50,0,1978-08-01
273456000,0.9887,1.011,0.9751,1.0083,2471,50,0,1978-09-01
276048000,1.011,1.1347,1.0091,1.1149,4962,50,0,1978-10-01
278726400,1.0517,1.0523,1.0021,1.0141,5982,50,0,1978-11-01
281318400,1.0113,1.0745,1.0113,1.0744,4090,50,0,1978-12-01
283996800,1.0747,1.0759,1.0432,1.0436,2142,50,0,1979-01-01
286675200,1.0387,1.0638,1.0368,1.0558,1830,50,0,1979-02-01
289094400,1.0544,1.0567,1.047,1.047,672,50,0,1979-03-01
291772800,1.0382,1.0394,1.0263,1.0301,1081,50,0,1979-04-01
294364800,1.0318,1.0326,1.0183,1.0245,1973,50,0,1979-05-01
297043200,1.0198,1.0649,1.0198,1.0646,2181,50,0,1979-06-01
299635200,1.0617,1.0836,1.0617,1.0668,2682,50,0,1979-07-01
302313600,1.0692,1.0733,1.0667,1.0719,923,50,0,1979-08-01
304992000,1.0728,1.1272,1.0725,1.1231,4560,50,0,1979-09-01
307584000,1.1254,1.1259000000000001,1.0792,1.0846,6543,50,0,1979-10-01
310262400,1.0881,1.1323,1.0864,1.1311,3361,50,0,1979-11-01
312854400,1.1446,1.145,1.115,1.1338,6470,50,0,1979-12-01
315532800,1.1437,1.1457,1.1214,1.1221,5922,50,0,1980-01-01
318211200,1.1214,1.1285,1.1007,1.1008,2000,50,0,1980-02-01
320716800,1.0967,1.0967,0.9995,1.001,2821,50,0,1980-03-01
323395200,0.9943,1.0897000000000001,0.9895,1.0863,8852,50,0,1980-04-01
325987200,1.0852,1.1098,1.0723,1.1006,2201,50,0,1980-05-01
328665600,1.0967,1.1159,1.0965,1.1088,5291,50,0,1980-06-01
331257600,1.1113,1.1279,1.0944,1.0961,7002,50,0,1980-07-01
333936000,1.0916,1.1058,1.0817,1.0921,9151,50,0,1980-08-01
336614400,1.0994,1.1015,1.0783,1.0787,4761,50,0,1980-09-01
339206400,1.0817,1.0871,1.025,1.0256,6213,50,0,1980-10-01
341884800,1.0226,1.0355,0.9987,1.0152,8177,50,0,1980-11-01
344476800,1.0079,1.0087,0.9673,0.9906,9492,50,0,1980-12-01
347155200,0.9905,1.0107,0.9174,0.9174,12581,50,0,1981-01-01
349833600,0.9206,0.9403,0.8799,0.9179,17219,50,0,1981-02-01
352252800,0.9068,0.9574,0.9049,0.9268,16542,50,0,1981-03-01
354931200,0.933,0.9336,0.8836,0.8843,10112,50,0,1981-04-01
357523200,0.8873,0.8879,0.8335,0.8391,5770,50,0,1981-05-01
360201600,0.8347,0.8378,0.8085,0.8168,10102,50,0,1981-06-01
362793600,0.8111,0.8145,0.7886,0.7902,9983,50,0,1981-07-01
365472000,0.7728,0.8004,0.7598,0.7969,8041,50,0,1981-08-01
368150400,0.7971,0.8768,0.7965,0.8414,14511,50,0,1981-09-01
370742400,0.8424,0.8958,0.842,0.8746,11982,50,0,1981-10-01
373420800,0.8777,0.888,0.8657,0.8855,6861,50,0,1981-11-01
376012800,0.8792,0.8825,0.8534,0.8739,7672,50,0,1981-12-01
378691200,0.8736,0.8748,0.8367,0.8432,7750,50,0,1982-01-01
381369600,0.832,0.8352,0.8152,0.8181,4759,50,0,1982-02-01
383788800,0.8188,0.8347,0.8088,0.8099,6653,50,0,1982-03-01
386467200,0.8141,0.8391,0.8064,0.8388,2652,50,0,1982-04-01
389059200,0.8363,0.8573,0.8328,0.8331,10290,50,0,1982-05-01
391737600,0.8228,0.8283,0.7843,0.794,7582,50,0,1982-06-01
394329600,0.7941,0.82,0.7778,0.7939,9581,50,0,1982-07-01
397008000,0.8022,0.8086,0.775,0.7842,12532,50,0,1982-08-01
399686400,0.7865,0.793,0.7689,0.7729,6792,50,0,1982-09-01
402278400,0.7749,0.7859,0.7635,0.7636,6671,50,0,1982-10-01
404956800,0.767,0.7943,0.7534,0.7936,5292,50,0,1982-11-01
407548800,0.7929,0.8256,0.7891,0.8233,7203,50,0,1982-12-01
410227200,0.8249,0.8389,0.7897,0.7921,10881,50,0,1983-01-01
412905600,0.792,0.8192,0.7842,0.8021,10500,50,0,1983-02-01
415324800,0.8005,0.8243,0.8005,0.805,7613,50,0,1983-03-01
418003200,0.8057,0.8117,0.7928,0.7932,6741,50,0,1983-04-01
420595200,0.7944,0.8036,0.7708,0.7733,4391,50,0,1983-05-01
423273600,0.7667,0.7765,0.7603,0.7693,5592,50,0,1983-06-01
425865600,0.7696,0.7696,0.7383,0.7383,3960,50,0,1983-07-01
428544000,0.7305,0.7455,0.7153,0.7264,8743,50,0,1983-08-01
431222400,0.7251,0.7435,0.7249,0.7434,5222,50,0,1983-09-01
433814400,0.746,0.7621,0.7398,0.7422,8120,50,0,1983-10-01
436492800,0.7374,0.7396,0.72,0.725,4390,50,0,1983-11-01
439084800,0.724,0.7246,0.7044,0.7174,5091,50,0,1983-12-01
441763200,0.7097,0.7122,0.6887,0.6948,5281,50,0,1984-01-01
444441600,0.6995,0.7529,0.6977,0.752,6820,50,0,1984-02-01
446947200,0.7499,0.7701,0.7365,0.7544,12622,50,0,1984-03-01
449625600,0.7538,0.7567,0.7186,0.7189,5221,50,0,1984-04-01
452217600,0.7169,0.7245,0.7031,0.7157,6703,50,0,1984-05-01
454896000,0.7267,0.7336,0.6965,0.7031,8201,50,0,1984-06-01
457488000,0.7,0.7006,0.6729,0.6737,6862,50,0,1984-07-01
460166400,0.6705,0.6846,0.6702,0.6771,7453,50,0,1984-08-01
462844800,0.6732,0.6732,0.6174,0.6401,14830,50,0,1984-09-01
465436800,0.6377,0.65,0.6223,0.6455,7973,50,0,1984-10-01
468115200,0.6518,0.6698,0.629,0.6296,8632,50,0,1984-11-01
470707200,0.6293,0.6393,0.6198,0.6198,6800,50,0,1984-12-01
473385600,0.6163,0.6228,0.6125,0.6184,4882,50,0,1985-01-01
476064000,0.6152,0.6157,0.5633,0.5859,7470,50,0,1985-02-01
478483200,0.5831,0.6343,0.5698,0.6342,14781,50,0,1985-03-01
481161600,0.6291,0.657,0.6112,0.632,18882,50,0,1985-04-01
483753600,0.6248,0.6457,0.6023,0.6374,16312,50,0,1985-05-01
486432000,0.6427,0.6505,0.6304,0.6436,9030,50,0,1985-06-01
489024000,0.6437,0.7008,0.6404,0.6994,11883,50,0,1985-07-01
491702400,0.6959,0.7129,0.6849,0.6975,8572,50,0,1985-08-01
494380800,0.692,0.736,0.6597,0.7308,17041,50,0,1985-09-01
496972800,0.735,0.7476,0.7286,0.7468,9673,50,0,1985-10-01
499651200,0.7507,0.7784,0.7441,0.7784,7391,50,0,1985-11-01
502243200,0.7777,0.799,0.7658,0.799,6731,50,0,1985-12-01
504921600,0.8013,0.8222,0.7894,0.8189,11312,50,0,1986-01-01
507600000,0.8156,0.8863,0.809,0.8782,12380,50,0,1986-02-01
510019200,0.8805,0.8885,0.8317,0.8333,15041,50,0,1986-03-01
512697600,0.8358,0.9034,0.8137,0.9003,17662,50,0,1986-04-01
515289600,0.892,0.9031,0.8412,0.8426,20871,50,0,1986-05-01
517968000,0.8408,0.8906,0.8391,0.889,13241,50,0,1986-06-01
520560000,0.897,0.9352,0.8929,0.9344,12903,50,0,1986-07-01
523238400,0.938,0.9607,0.9332,0.9585,10891,50,0,1986-08-01
525916800,0.9631,0.9827,0.9349,0.9654,14051,50,0,1986-09-01
528508800,0.9664,0.9926,0.9451,0.9476,11442,50,0,1986-10-01
531187200,0.9474,0.9911,0.9442,0.9907,7658,50,0,1986-11-01
533779200,0.9962,1.0167,0.9654,1.0143,9962,50,0,1986-12-01
536457600,1.0197,1.1002,1.0124,1.0676,14521,50,0,1987-01-01
539136000,1.0801,1.0922,1.0524,1.07,15319,50,0,1987-02-01
541555200,1.0685,1.0852,1.0451,1.0836999999999999,8642,50,0,1987-03-01
544233600,1.0742,1.1008,1.0632,1.0891,11292,50,0,1987-04-01
546825600,1.0953,1.1062,1.072,1.0728,7230,50,0,1987-05-01
549504000,1.0659,1.0935,1.0625,1.0703,8832,50,0,1987-06-01
552096000,1.0703,1.0729,1.0483,1.0526,9003,50,0,1987-07-01
554774400,1.0498,1.0805,1.0305,1.08,11841,50,0,1987-08-01
557452800,1.0789,1.091,1.0615,1.0621,6131,50,0,1987-09-01
560044800,1.06,1.1318,1.0591,1.13,8422,50,0,1987-10-01
562723200,1.1401,1.1971,1.1359,1.1929,24540,50,0,1987-11-01
565315200,1.1852,1.2453,1.17,1.2442,15532,50,0,1987-12-01
567993600,1.2354,1.2368000000000001,1.1591,1.1651,9150,50,0,1988-01-01
570672000,1.1555,1.1627,1.1397,1.1584,8991,50,0,1988-02-01
573177600,1.16,1.181,1.1526,1.1808,10283,50,0,1988-03-01
575856000,1.1807,1.1824,1.1548,1.1693,8511,50,0,1988-04-01
578448000,1.166,1.1678,1.1309,1.1320999999999999,6181,50,0,1988-05-01
581126400,1.1341,1.1414,1.069,1.0762,10642,50,0,1988-06-01
583718400,1.0738,1.0776,1.0355,1.0441,11170,50,0,1988-07-01
586396800,1.0425,1.0532,1.0186,1.0412,11783,50,0,1988-08-01
589075200,1.0427,1.0612,1.0354,1.0431,9241,50,0,1988-09-01
591667200,1.0499,1.1053,1.0479,1.0999,9561,50,0,1988-10-01
594345600,1.0945,1.1401,1.0899,1.1259000000000001,13461,50,0,1988-11-01
596937600,1.1293,1.1356,1.0904,1.1026,13181,50,0,1988-12-01
599616000,1.1093,1.1107,1.0411,1.0442,15731,50,0,1989-01-01
602294400,1.0479,1.0796000000000001,1.0376,1.0723,9880,50,0,1989-02-01
604713600,1.064,1.0647,1.0308,1.0323,11873,50,0,1989-03-01
607392000,1.0379,1.0593,1.0356,1.0404,10230,50,0,1989-04-01
609984000,1.0364,1.0404,0.9719,0.9879,15032,50,0,1989-05-01
612662400,0.9866,1.0087,0.9593,1.0017,20932,50,0,1989-06-01
615254400,1.0081,1.0535,1.0062,1.0483,35221,50,0,1989-07-01
617932800,1.0486,1.0608,0.9927,0.9949,35633,50,0,1989-08-01
620611200,0.9951,1.0496,0.9764,1.0446,33081,50,0,1989-09-01
623203200,1.0426,1.0706,1.0178,1.0622,36792,50,0,1989-10-01
625881600,1.0626,1.1044,1.0419,1.0998,28372,50,0,1989-11-01
628473600,1.0991,1.167,1.0925,1.1577,32720,50,0,1989-12-01
631152000,1.1623999999999999,1.1746,1.1277,1.1575,50872,50,0,1990-01-01
633830400,1.1581,1.1863,1.1458,1.147,28740,50,0,1990-02-01
636249600,1.1466,1.1656,1.1347,1.1518,29092,50,0,1990-03-01
638928000,1.1514,1.1726,1.146,1.1651,21890,50,0,1990-04-01
641520000,1.165,1.2025000000000001,1.1512,1.1534,30032,50,0,1990-05-01
644198400,1.1533,1.1791,1.1476,1.1779,25831,50,0,1990-06-01
646790400,1.1789,1.2337,1.1764999999999999,1.2321,30022,50,0,1990-07-01
649468800,1.2315,1.2695,1.2058,1.2407,49243,50,0,1990-08-01
652147200,1.24,1.2662,1.2252,1.2490999999999999,37170,50,0,1990-09-01
654739200,1.2519,1.3114,1.2519,1.2885,41973,50,0,1990-10-01
657417600,1.2884,1.3338999999999999,1.2808,1.3074,36702,50,0,1990-11-01
660009600,1.3096,1.3369,1.2641,1.3114,39020,50,0,1990-12-01
662688000,1.3101,1.3261,1.2486,1.3237999999999999,54682,50,0,1991-01-01
665366400,1.3239,1.355,1.2793999999999999,1.2829,36760,50,0,1991-02-01
667785600,1.2822,1.2833,1.1360000000000001,1.1477,52030,50,0,1991-03-01
670464000,1.1513,1.1817,1.0972,1.1461000000000001,56802,50,0,1991-04-01
673056000,1.1459,1.1621,1.111,1.1225,48223,50,0,1991-05-01
675734400,1.1223,1.1256,1.0732,1.0796000000000001,34520,50,0,1991-06-01
678326400,1.0812,1.1299,1.0612,1.1223,38713,50,0,1991-07-01
681004800,1.1224,1.1508,1.0663,1.1182,49472,50,0,1991-08-01
683683200,1.1199,1.1796,1.1186,1.1709,33051,50,0,1991-09-01
686275200,1.171,1.1793,1.1356,1.1724,33733,50,0,1991-10-01
688953600,1.172,1.2389999999999999,1.1701,1.2034,39931,50,0,1991-11-01
691545600,1.21,1.3014999999999999,1.209,1.287,36260,50,0,1991-12-01
694224000,1.2841,1.3006,1.1966,1.2126000000000001,65632,50,0,1992-01-01
696902400,1.2161,1.2564,1.174,1.1894,44290,50,0,1992-02-01
699408000,1.1895,1.1985999999999999,1.1615,1.1903,36502,50,0,1992-03-01
702086400,1.19,1.212,1.1663000000000001,1.1872,34662,50,0,1992-04-01
704678400,1.1872,1.2319,1.1816,1.2166,35911,50,0,1992-05-01
707356800,1.2172,1.2918,1.2067,1.2836,39442,50,0,1992-06-01
709948800,1.2837,1.3509,1.2775,1.3247,61013,50,0,1992-07-01
712627200,1.3263,1.4013,1.3147,1.3953,43061,50,0,1992-08-01
715305600,1.396,1.4102000000000001,1.2783,1.3865,84182,50,0,1992-09-01
717897600,1.3862999999999999,1.4072,1.2605,1.268,73632,50,0,1992-10-01
720576000,1.2686,1.2698,1.2099,1.2316,50861,50,0,1992-11-01
723168000,1.231,1.266,1.2045,1.2069,40053,50,0,1992-12-01
725846400,1.2028,1.2479,1.1858,1.2125,36640,50,0,1993-01-01
728524800,1.213,1.2155,1.1737,1.1822,43630,50,0,1993-02-01
730944000,1.1826,1.218,1.169,1.2162,37383,50,0,1993-03-01
733622400,1.2161,1.2494,1.2074,1.2343,43642,50,0,1993-04-01
736214400,1.2334,1.2466,1.1907,1.2302,32941,50,0,1993-05-01
738892800,1.2321,1.2375,1.1386,1.145,39902,50,0,1993-06-01
741484800,1.1453,1.1622,1.1203,1.1227,33282,50,0,1993-07-01
744163200,1.1224,1.1775,1.1192,1.1658,36162,50,0,1993-08-01
746841600,1.1654,1.2315,1.1649,1.1967,48882,50,0,1993-09-01
749433600,1.1968,1.2294,1.1569,1.1594,35771,50,0,1993-10-01
752112000,1.1597,1.1634,1.1376,1.1408,30972,50,0,1993-11-01
754704000,1.1402,1.1567,1.1239,1.1252,23693,50,0,1993-12-01
757382400,1.1248,1.1368,1.1135,1.129,22831,50,0,1994-01-01
760060800,1.1287,1.1507,1.1069,1.1473,29540,50,0,1994-02-01
762480000,1.1471,1.1783,1.1338,1.1679,32883,50,0,1994-03-01
765158400,1.1677,1.1894,1.1355,1.1825,27371,50,0,1994-04-01
767750400,1.1821,1.1981,1.1634,1.1881,31792,50,0,1994-05-01
770428800,1.1879,1.2436,1.1675,1.2325,33272,50,0,1994-06-01
773020800,1.2324,1.2894,1.2184,1.2436,44731,50,0,1994-07-01
775699200,1.2445,1.2812999999999999,1.2278,1.2368999999999999,39143,50,0,1994-08-01
778377600,1.2367,1.2769,1.2354,1.2612,34002,50,0,1994-09-01
780969600,1.2608,1.3161,1.2530999999999999,1.3017,32741,50,0,1994-10-01
783648000,1.3014999999999999,1.3117,1.2434,1.2468,30562,50,0,1994-11-01
786240000,1.2467,1.2692,1.2351,1.2622,24292,50,0,1994-12-01
788918400,1.2626,1.3028,1.2496,1.2833999999999999,34282,50,0,1995-01-01
791596800,1.2825,1.346,1.2718,1.3401,31620,50,0,1995-02-01
794016000,1.3397000000000001,1.4535,1.3319,1.4289,86453,50,0,1995-03-01
796694400,1.4289,1.452,1.3788,1.4086,67020,50,0,1995-04-01
799286400,1.4087,1.4358,1.338,1.3814,63233,50,0,1995-05-01
801964800,1.3822,1.4203999999999999,1.3609,1.4152,54472,50,0,1995-06-01
804556800,1.415,1.4249,1.3836,1.4102000000000001,35441,50,0,1995-07-01
807235200,1.4102999999999999,1.4247,1.3072,1.3325,53263,50,0,1995-08-01
809913600,1.3328,1.3886,1.3,1.3696,50841,50,0,1995-09-01
812505600,1.3687,1.416,1.3548,1.3875,48032,50,0,1995-10-01
815184000,1.3876,1.3993,1.3485,1.3529,39582,50,0,1995-11-01
817776000,1.3526,1.3703,1.3452,1.3603,34161,50,0,1995-12-01
820454400,1.3617,1.3669,1.3088,1.3151,35372,50,0,1996-01-01
823132800,1.3142,1.3566,1.3084,1.328,33131,50,0,1996-02-01
825638400,1.3277999999999999,1.3338999999999999,1.3108,1.3224,27811,50,0,1996-03-01
828316800,1.3226,1.3269,1.2737,1.2769,27162,50,0,1996-04-01
830908800,1.2768,1.292,1.2617,1.2839,24223,50,0,1996-05-01
833587200,1.2839,1.2949,1.2657,1.2809,26490,50,0,1996-06-01
836179200,1.2809,1.3353,1.2596,1.3289,36393,50,0,1996-07-01
838857600,1.3288,1.3305,1.3072,1.3189,24042,50,0,1996-08-01
841536000,1.3189,1.3227,1.2791000000000001,1.2837,25931,50,0,1996-09-01
844128000,1.2837,1.2993000000000001,1.2658,1.2887,24663,50,0,1996-10-01
846806400,1.2886,1.3138,1.2703,1.2704,32631,50,0,1996-11-01
849398400,1.2717,1.2827,1.2424,1.2687,37112,50,0,1996-12-01
852076800,1.2673,1.2715,1.1804999999999999,1.1948,43872,50,0,1997-01-01
854755200,1.1924,1.1951,1.1456,1.1572,32560,50,0,1997-02-01
857174400,1.155,1.1768,1.1364,1.1682,30241,50,0,1997-03-01
859852800,1.1682,1.1762,1.1244,1.1304,28772,50,0,1997-04-01
862444800,1.1302,1.1728,1.1273,1.1454,38412,50,0,1997-05-01
865123200,1.1456,1.1489,1.1199,1.1213,27871,50,0,1997-06-01
867715200,1.121,1.1244,1.0577,1.0638,34293,50,0,1997-07-01
870393600,1.0634,1.0947,1.0344,1.0819,41191,50,0,1997-08-01
873072000,1.0788,1.1193,1.0631,1.1113,38632,50,0,1997-09-01
875664000,1.1113,1.144,1.0913,1.1334,39853,50,0,1997-10-01
878342400,1.134,1.1537,1.1057,1.1091,31150,50,0,1997-11-01
880934400,1.1097,1.1125,1.0867,1.0874,27163,50,0,1997-12-01
883612800,1.088,1.1158,1.0608,1.0686,3695,50,0,1998-01-01
886291200,1.0672,1.0962,1.0646,1.0767,3012,50,0,1998-02-01
888710400,1.0778,1.0962,1.0721,1.0769,3361,50,0,1998-03-01
891388800,1.0755,1.1101,1.07,1.1025,3105,50,0,1998-04-01
893980800,1.101,1.1216,1.0991,1.1034,3110,50,0,1998-05-01
896659200,1.101,1.1188,1.086,1.0983,3098,50,0,1998-06-01
899251200,1.0959,1.1178,1.079,1.11,3063,50,0,1998-07-01
901929600,1.108,1.1306,1.0876,1.1306,3360,50,0,1998-08-01
904608000,1.129,1.184,1.1192,1.1801,4879,50,0,1998-09-01
907200000,1.1777,1.2401,1.177,1.1902,5466,50,0,1998-10-01
909878400,1.1905000000000001,1.1943,1.1455,1.16,3795,50,0,1998-11-01
912470400,1.1595,1.1967,1.1565,1.1724,3879,50,0,1998-12-01
915148800,1.1801,1.1862,1.1342,1.1367,113170,50,0,1999-01-01
917827200,1.1383,1.1397,1.0926,1.1025,100263,50,0,1999-02-01
920246400,1.0982,1.107,1.068,1.0769,117961,50,0,1999-03-01
922924800,1.0767,1.0884,1.0547,1.0575,107056,50,0,1999-04-01
925516800,1.0586,1.0833,1.0397,1.0422,120523,50,0,1999-05-01
928195200,1.0418,1.0559,1.026,1.0362,139192,50,0,1999-06-01
930787200,1.036,1.0746,1.0107,1.0714,132339,50,0,1999-07-01
933465600,1.0699,1.0827,1.0398,1.0562,133643,50,0,1999-08-01
936144000,1.0565,1.0729,1.0286,1.0679,142426,50,0,1999-09-01
938736000,1.0679,1.0915,1.0431,1.0527,141828,50,0,1999-10-01
941414400,1.0551,1.0594,1.0037,1.0085,150615,50,0,1999-11-01
944006400,1.0085,1.0297,0.9991,1.0062,131459,50,0,1999-12-01
946684800,1.0073,1.0415,0.9667,0.9711,138774,50,0,2000-01-01
949363200,0.9711,1.0089,0.9401,0.9635,138564,50,0,2000-02-01
951868800,0.9635,0.9793,0.9478,0.9552,158741,50,0,2000-03-01
954547200,0.9562,0.9749,0.903,0.9117,130989,50,0,2000-04-01
957139200,0.912,0.9412,0.8844,0.937,149286,50,0,2000-05-01
959817600,0.937,0.97,0.9284,0.9523,136674,50,0,2000-06-01
962409600,0.9524,0.9599,0.9192,0.9266,127362,50,0,2000-07-01
965088000,0.9267,0.9293,0.8841,0.8886,134407,50,0,2000-08-01
967766400,0.8886,0.904,0.8439,0.8842,143933,50,0,2000-09-01
970358400,0.8841,0.8858,0.8227,0.8484,145693,50,0,2000-10-01
973036800,0.8488,0.8796,0.8372,0.8724,162542,50,0,2000-11-01
975628800,0.8727,0.943,0.8701,0.9424,162803,50,0,2000-12-01
978307200,0.9421,0.9596,0.9115,0.9377,179557,50,0,2001-01-01
980985600,0.9376,0.9445,0.9014,0.9235,157489,50,0,2001-02-01
983404800,0.9234,0.9382,0.8749,0.8755,188089,50,0,2001-03-01
986083200,0.8743,0.9093,0.8706,0.8892,180298,50,0,2001-04-01
988675200,0.8893,0.9009,0.8439,0.8446,189810,50,0,2001-05-01
991353600,0.8455,0.8674,0.841,0.8497,166377,50,0,2001-06-01
993945600,0.8503,0.8825,0.8346,0.8763,196467,50,0,2001-07-01
996624000,0.8762,0.9241,0.8737,0.9125,207174,50,0,2001-08-01
999302400,0.9094,0.9335,0.8824,0.9114,188323,50,0,2001-09-01
1001894400,0.9103,0.9246,0.8867,0.9002,202803,50,0,2001-10-01
1004572800,0.9003,0.9121,0.8735,0.8956,193005,50,0,2001-11-01
1007164800,0.8956,0.9083,0.8741,0.8896,189753,50,0,2001-12-01
1009843200,0.8897,0.9069,0.857,0.8592,208695,50,0,2002-01-01
1012521600,0.8593,0.8803,0.8562,0.8695,170387,50,0,2002-02-01
1014940800,0.8693,0.887,0.8629,0.8719,181302,50,0,2002-03-01
1017619200,0.8716,0.9049,0.8714,0.9005,184477,50,0,2002-04-01
1020211200,0.9005,0.9416,0.899,0.9337,203833,50,0,2002-05-01
1022889600,0.933,0.9992,0.9302,0.9911,187740,50,0,2002-06-01
1025481600,0.9914,1.021,0.9714,0.9774,228134,50,0,2002-07-01
1028160000,0.9772,0.9919,0.9621,0.9815,205862,50,0,2002-08-01
1030838400,0.9824,0.9993,0.9608,0.9865,199411,50,0,2002-09-01
1033430400,0.9866,0.9931,0.9687,0.9906,204564,50,0,2002-10-01
1036108800,0.9904,1.0173,0.9877,0.9938,191521,50,0,2002-11-01
1038700800,0.9928,1.0507,0.986,1.0489,193056,50,0,2002-12-01
1041379200,1.0492,1.091,1.0335,1.0771,218607,50,0,2003-01-01
1044057600,1.0789,1.0937999999999999,1.0664,1.0806,197440,50,0,2003-02-01
1046476800,1.0779,1.1087,1.0502,1.0922,213165,50,0,2003-03-01
1049155200,1.0916,1.1191,1.0559,1.1183,211561,50,0,2003-04-01
1051747200,1.1182,1.1931,1.1154,1.1785,249588,50,0,2003-05-01
1054425600,1.172,1.1932,1.1399,1.1524,227029,50,0,2003-06-01
1057017600,1.1522999999999999,1.1613,1.1112,1.1233,248743,50,0,2003-07-01
1059696000,1.1234,1.143,1.0788,1.0985,211864,50,0,2003-08-01
1062374400,1.099,1.1739,1.0762,1.1658,226623,50,0,2003-09-01
1064966400,1.1653,1.1865,1.1531,1.1586,242812,50,0,2003-10-01
1067644800,1.1582,1.2019,1.1376,1.1998,202971,50,0,2003-11-01
1070236800,1.1988,1.2649,1.1935,1.2588,229361,50,0,2003-12-01
1072915200,1.2591999999999999,1.2901,1.2333,1.2467,239514,40,0,2004-01-01
1075593600,1.2481,1.293,1.2371,1.2495,225344,40,0,2004-02-01
1078099200,1.2481,1.2544,1.2046000000000001,1.2316,242768,40,0,2004-03-01
1080777600,1.2314,1.2391,1.1759,1.1985999999999999,231436,40,0,2004-04-01
1083369600,1.1996,1.23,1.177,1.2192,264638,40,0,2004-05-01
1086048000,1.2197,1.2356,1.1953,1.2186,269963,40,0,2004-06-01
1088640000,1.2187999999999999,1.2464,1.199,1.2019,252811,40,0,2004-07-01
1091318400,1.2069,1.2391,1.1968,1.2182,236950,40,0,2004-08-01
1093996800,1.2181,1.2446,1.2026,1.2428,199713,40,0,2004-09-01
1096588800,1.2429000000000001,1.2844,1.2224,1.2787,191750,40,0,2004-10-01
1099267200,1.2818,1.3336000000000001,1.2655,1.3289,201135,40,0,2004-11-01
1101859200,1.3289,1.367,1.3139,1.3562,208582,40,0,2004-12-01
1104537600,1.3562,1.3580999999999999,1.2922,1.3045,197511,30,0,2005-01-01
1107216000,1.3046,1.328,1.2732,1.3215,183667,30,0,2005-02-01
1109635200,1.3216,1.3483,1.2856,1.2965,210865,30,0,2005-03-01
1112313600,1.2962,1.3127,1.2767,1.2873999999999999,218319,30,0,2005-04-01
1114905600,1.2862,1.2993000000000001,1.2294,1.2308,253833,30,0,2005-05-01
1117584000,1.2308,1.2356,1.1982,1.2094,282482,30,0,2005-06-01
1120176000,1.2091,1.2259,1.1865,1.2123,265591,30,0,2005-07-01
1122854400,1.2123,1.2489,1.2117,1.2342,283337,30,0,2005-08-01
1125532800,1.2341,1.2591,1.1978,1.2064,262830,30,0,2005-09-01
1128124800,1.202,1.2209,1.1875,1.1984,217430,30,0,2005-10-01
1130803200,1.1983,1.2085,1.1638,1.179,209022,30,0,2005-11-01
1133395200,1.179,1.2064,1.166,1.1839,197771,30,0,2005-12-01
1136073600,1.1849,1.2324,1.1801,1.2147999999999999,207398,20,0,2006-01-01
1138752000,1.2141,1.2167,1.1825,1.1931,179385,20,0,2006-02-01
1141171200,1.1929,1.2209,1.1859,1.2116,224066,20,0,2006-03-01
1143849600,1.2119,1.2643,1.2031,1.2635,198788,20,0,2006-04-01
1146441600,1.2629000000000001,1.2973,1.2555,1.2817,232791,20,0,2006-05-01
1149120000,1.2817,1.2981,1.2478,1.279,216773,20,0,2006-06-01
1151712000,1.2788,1.2864,1.2457,1.2767,201899,20,0,2006-07-01
1154390400,1.2769,1.2942,1.2694,1.2806,218478,20,0,2006-08-01
1157068800,1.2809,1.2877,1.2629000000000001,1.2673,206868,20,0,2006-09-01
1159660800,1.2683,1.2782,1.2483,1.2765,148672,20,0,2006-10-01
1162339200,1.2764,1.3273,1.2681,1.3237999999999999,161557,20,0,2006-11-01
1164931200,1.3237999999999999,1.3364,1.3051,1.3197999999999999,177552,20,0,2006-12-01
1167609600,1.3189,1.3296000000000001,1.2865,1.3021,179496,20,0,2007-01-01
1170288000,1.3022,1.3258,1.2911000000000001,1.3223,120526,20,0,2007-02-01
1172707200,1.3225,1.341,1.307,1.3354,148549,20,0,2007-03-01
1175385600,1.3372,1.3681,1.3317999999999999,1.3642,113319,20,0,2007-04-01
1177977600,1.3641,1.3671,1.3406,1.3451,113386,20,0,2007-05-01
1180656000,1.3451,1.3553,1.3262,1.354,101621,20,0,2007-06-01
1183248000,1.3542,1.3851,1.3527,1.3677000000000001,134104,20,0,2007-07-01
1185926400,1.3679000000000001,1.3838,1.336,1.3628,185935,20,0,2007-08-01
1188604800,1.3628,1.4278,1.355,1.4266,137237,20,0,2007-09-01
1191196800,1.428,1.4503,1.4014,1.4471,169463,20,0,2007-10-01
1193875200,1.4472,1.4966,1.4403000000000001,1.4638,218143,20,0,2007-11-01
1196467200,1.4647999999999999,1.4769,1.4309,1.4601,157765,20,0,2007-12-01
1199145600,1.4652,1.4921,1.4365,1.4847000000000001,261310,20,0,2008-01-01
1201824000,1.4849999999999999,1.5238,1.4438,1.5178,239877,20,0,2008-02-01
1204329600,1.5211999999999999,1.5901999999999998,1.5145,1.5760999999999998,315189,20,0,2008-03-01
1207008000,1.5764,1.6018,1.5510000000000002,1.5619,317506,20,0,2008-04-01
1209600000,1.5619,1.5817999999999999,1.5284,1.5554000000000001,262880,20,0,2008-05-01
1212278400,1.5561,1.5843,1.5302,1.5753,268794,20,0,2008-06-01
1214870400,1.5753,1.6038000000000001,1.5521,1.5596999999999999,282943,20,0,2008-07-01
1217548800,1.5596999999999999,1.5631,1.4571,1.4678,278707,20,0,2008-08-01
1220227200,1.4708999999999999,1.4867,1.3881000000000001,1.4115,507845,20,0,2008-09-01
1222819200,1.4115,1.4174,1.233,1.2727,765461,20,0,2008-10-01
1225497600,1.2766,1.3114,1.2389000000000001,1.2690000000000001,616113,20,0,2008-11-01
1228089600,1.2694,1.4719,1.2551999999999999,1.3936,379076,20,0,2008-12-01
1230768000,1.3868,1.3986,1.2763,1.2812000000000001,1227039,20,0,2009-01-01
1233446400,1.2752,1.3093,1.2511999999999999,1.2666,1063605,20,0,2009-02-01
1235865600,1.2617,1.3737,1.2456,1.32426,680459,20,0,2009-03-01
1238544000,1.32416,1.35806,1.28844,1.32236,1003935,20,0,2009-04-01
1241136000,1.3223500000000001,1.41678,1.32123,1.41597,1647629,20,0,2009-05-01
1243814400,1.41322,1.43378,1.37477,1.4035199999999999,1972886,20,0,2009-06-01
1246406400,1.4036,1.43036,1.38323,1.42561,1755201,20,0,2009-07-01
1249084800,1.42703,1.44465,1.40454,1.43311,1349026,20,0,2009-08-01
1251763200,1.4331,1.48427,1.4177,1.46368,1014602,7,0,2009-09-01
1254355200,1.46367,1.50617,1.44835,1.4718499999999999,1171349,8,0,2009-10-01
1257033600,1.47346,1.51437,1.46262,1.50075,1150472,8,0,2009-11-01
1259625600,1.50074,1.51399,1.42175,1.43306,971268,8,0,2009-12-01
1262304000,1.43259,1.45785,1.3860999999999999,1.38611,948949,8,0,2010-01-01
1264982400,1.3862700000000001,1.40255,1.34433,1.3631,943750,8,0,2010-02-01
1267401600,1.36222,1.38171,1.32671,1.35062,897812,8,0,2010-03-01
1270080000,1.35065,1.36913,1.31141,1.3293599999999999,883127,8,0,2010-04-01
1272672000,1.33296,1.3332600000000001,1.21435,1.2308,1288374,8,0,2010-05-01
1275350400,1.23061,1.24664,1.18758,1.22302,1175430,7,1237300000,2010-06-01
1277942400,1.223,1.3106,1.2193,1.30504,1019903,7,0,2010-07-01
1280620800,1.30596,1.33327,1.25874,1.26889,866477,5,0,2010-08-01
1283299200,1.26892,1.36825,1.26434,1.36283,837519,5,0,2010-09-01
1285891200,1.36295,1.41505,1.3618299999999999,1.39459,1105255,7,0,2010-10-01
1288569600,1.39703,1.42813,1.29694,1.2981099999999999,1729897,8,0,2010-11-01
1291161600,1.29809,1.34966,1.29707,1.33827,1652760,4,0,2010-12-01
1293840000,1.33443,1.37573,1.28736,1.36908,1753273,5,0,2011-01-01
1296518400,1.36908,1.3860700000000001,1.34279,1.3808799999999999,1340042,7,0,2011-02-01
1298937600,1.3808799999999999,1.42479,1.37447,1.41736,1654474,5,0,2011-03-01
1301616000,1.41733,1.4880900000000001,1.40614,1.48062,1378150,6,14575658000,2011-04-01
1304208000,1.4824899999999999,1.4938500000000001,1.39692,1.43945,1466068,7,0,2011-05-01
1306886400,1.43947,1.46955,1.40731,1.44906,1620097,6,0,2011-06-01
1309478400,1.44908,1.45769,1.38371,1.43945,1811397,5,42079361000,2011-07-01
1312156800,1.43607,1.45482,1.40553,1.4372500000000001,2194663,4,297638199316,2011-08-01
1314835200,1.4372500000000001,1.43767,1.33624,1.33846,2322427,4,0,2011-09-01
1317427200,1.33447,1.4245999999999999,1.31458,1.38594,2222807,2,0,2011-10-01
1320105600,1.38592,1.38702,1.32119,1.34392,2194943,4,0,2011-11-01
1322697600,1.34392,1.35449,1.28577,1.29565,1636281,3,0,2011-12-01
1325376000,1.29443,1.3233,1.26241,1.3087900000000001,1771091,4,0,2012-01-01
1328054400,1.30881,1.34856,1.29745,1.33232,1748617,4,0,2012-02-01
1330560000,1.33227,1.3384800000000001,1.30032,1.33408,1595899,5,0,2012-03-01
1333238400,1.33562,1.33801,1.29945,1.32417,1484306,5,0,2012-04-01
1335830400,1.32416,1.32828,1.23362,1.23597,1791217,5,0,2012-05-01
1338508800,1.23594,1.27468,1.22882,1.26655,1829608,5,0,2012-06-01
1341100800,1.26696,1.26703,1.20418,1.22989,1720739,4,0,2012-07-01
1343779200,1.22989,1.2636,1.21337,1.25783,1573184,4,0,2012-08-01
1346457600,1.25803,1.3170600000000001,1.25012,1.28595,1367528,4,0,2012-09-01
1349049600,1.28488,1.31384,1.28031,1.29582,1280791,2,0,2012-10-01
1351728000,1.29581,1.30267,1.26612,1.29848,1280478,3,0,2012-11-01
1354320000,1.29934,1.33076,1.28769,1.31964,989772,3,0,2012-12-01
1356998400,1.32036,1.35931,1.29975,1.35869,1178890,3,0,2013-01-01
1359676800,1.35864,1.37106,1.3018,1.3066499999999999,1000385,1,0,2013-02-01
1362096000,1.30664,1.31341,1.27509,1.28148,902833,1,0,2013-03-01
1364774400,1.28112,1.32015,1.27454,1.31664,1013686,1,0,2013-04-01
1367366400,1.31667,1.32427,1.27962,1.29956,1105511,1,0,2013-05-01
1370044800,1.29922,1.34158,1.29555,1.30078,1207940,1,0,2013-06-01
1372636800,1.30144,1.33446,1.27553,1.3296299999999999,1175882,1,0,2013-07-01
1375315200,1.33022,1.34518,1.3175,1.32195,941655,1,0,2013-08-01
1377993600,1.32122,1.3568500000000001,1.31047,1.35215,713383,1,0,2013-09-01
1380585600,1.35215,1.3832,1.34734,1.3588,791255,1,0,2013-10-01
1383264000,1.3587799999999999,1.3621400000000001,1.32959,1.35901,733298,1,0,2013-11-01
1385856000,1.3587799999999999,1.3893,1.35241,1.37876,732363,1,0,2013-12-01
1388534400,1.3755,1.3774899999999999,1.3479,1.34849,909525,0,0,2014-01-01
1391212800,1.34855,1.3824100000000001,1.3477000000000001,1.38016,711426,0,0,2014-02-01
1393632000,1.37856,1.39666,1.37047,1.37735,1239721,0,0,2014-03-01
1396310400,1.37734,1.3905699999999999,1.36725,1.38653,948587,0,0,2014-04-01
1398902400,1.38656,1.39932,1.35858,1.3633899999999999,791684,0,0,2014-05-01
1401580800,1.36304,1.36969,1.35028,1.36927,789482,0,0,2014-06-01
1404172800,1.36928,1.36991,1.3366500000000001,1.33877,848574,1,0,2014-07-01
1406851200,1.33872,1.34446,1.31323,1.31323,844191,1,0,2014-08-01
1409529600,1.31292,1.316,1.25712,1.26307,1157836,1,0,2014-09-01
1412121600,1.26306,1.28868,1.24851,1.25231,1746135,1,0,2014-10-01
1414800000,1.25085,1.25991,1.23571,1.24498,1630093,1,22224335000,2014-11-01
1417392000,1.24613,1.25696,1.20973,1.20995,1642395,0,1871828546800,2014-12-01
1420070400,1.20538,1.2069,1.1097,1.1284399999999999,1561542,1,26232873000,2015-01-01
1422748800,1.1311499999999999,1.15332,1.11758,1.11957,1291573,1,0,2015-02-01
1425168000,1.11805,1.12402,1.04619,1.07308,1697941,1,0,2015-03-01
1427846400,1.07331,1.12659,1.05202,1.12222,1842954,1,0,2015-04-01
1430438400,1.12188,1.14661,1.08185,1.09895,1720454,1,0,2015-05-01
1433116800,1.09835,1.1436,1.08865,1.11453,3176993,1,0,2015-06-01
1435708800,1.1138,1.12153,1.08078,1.09831,3311289,4,1336715057000,2015-07-01
1438387200,1.09711,1.17138,1.08477,1.1209,3206990,4,4226895997000,2015-08-01
1441065600,1.12079,1.146,1.10869,1.11763,3225763,4,4743972801000,2015-09-01
1443657600,1.11748,1.1494900000000001,1.08966,1.1005,2907777,0,4642429448000,2015-10-01
1446336000,1.10266,1.10527,1.05576,1.05643,2932840,0,4662849704000,2015-11-01
1448928000,1.05639,1.10593,1.05222,1.08609,3018603,0,4269213689000,2015-12-01
1451606400,1.08696,1.09844,1.07104,1.083,3351110,0,4724943247000,2016-01-01
1454284800,1.08297,1.13761,1.08142,1.08718,3818540,0,5500152333000,2016-02-01
1456790400,1.08751,1.14115,1.08219,1.13788,3055208,0,4663003257000,2016-03-01
1459468800,1.13777,1.14645,1.12145,1.14504,2923549,0,4484811678000,2016-04-01
1462060800,1.14582,1.16159,1.10977,1.11303,2699756,0,4213445043000,2016-05-01
1464739200,1.11301,1.14278,1.09113,1.11048,3339585,0,5311811345000,2016-06-01
1467331200,1.11014,1.11972,1.09314,1.11743,2607735,0,4145774761000,2016-07-01
1470009600,1.11715,1.1366100000000001,1.10453,1.11571,2403774,0,3012405186000,2016-08-01
1472688000,1.11562,1.13266,1.11228,1.12399,2579553,0,2837160733000,2016-09-01
1475280000,1.12262,1.12439,1.08507,1.09762,2565398,0,2626603578000,2016-10-01
1477958400,1.09761,1.12991,1.05176,1.0587,3413147,0,3007683461000,2016-11-01
1480550400,1.05891,1.08734,1.03249,1.05068,2545165,0,1908170100000,2016-12-01
1483228800,1.051,1.0812,1.03399,1.07968,3219315,0,2682507305000,2017-01-01
1485907200,1.07958,1.08284,1.04933,1.05757,2482533,0,2178835307000,2017-02-01
1488326400,1.05731,1.09057,1.04946,1.06462,2754572,0,2488738235000,2017-03-01
1491004800,1.06591,1.09506,1.05695,1.08921,1929575,0,1809612207000,2017-04-01
1493596800,1.09086,1.1268,1.0838700000000001,1.1243,2519533,0,2418675949000,2017-05-01
1496275200,1.12429,1.14451,1.11186,1.14254,1983487,0,187275049000,2017-06-01
1498867200,1.14175,1.18446,1.13121,1.18397,2077101,7,0,2017-07-01
1501545600,1.18397,1.20699,1.16619,1.19039,2261880,7,0,2017-08-01
1504224000,1.19039,1.2092100000000001,1.17171,1.18131,2167133,0,1054193000,2017-09-01
1506816000,1.17945,1.18797,1.1574200000000001,1.1645699999999999,1631656,0,0,2017-10-01
1509494400,1.16451,1.19611,1.1554,1.19035,1533478,0,0,2017-11-01
1512086400,1.19031,1.20255,1.17175,1.20045,1674856,0,0,2017-12-01
1514764800,1.20088,1.25378,1.1915499999999999,1.24132,3529743,0,0,2018-01-01
1517443200,1.24132,1.2555399999999999,1.21878,1.21929,3502479,1,0,2018-02-01
1519862400,1.21924,1.24763,1.21546,1.23218,2911686,1,0,2018-03-01
1522540800,1.23192,1.24137,1.20553,1.20774,1660348,1,0,2018-04-01
1525132800,1.20772,1.2084,1.1509800000000001,1.16906,2483066,0,0,2018-05-01
1527811200,1.16879,1.18519,1.15078,1.16831,2339635,0,0,2018-06-01
1530403200,1.16841,1.17908,1.15747,1.16906,1968591,0,0,2018-07-01
1533081600,1.16895,1.17333,1.13006,1.16021,1692688,2,0,2018-08-01
1535760000,1.15955,1.18148,1.15255,1.1602000000000001,1391518,2,0,2018-09-01
1538352000,1.16156,1.16243,1.1301700000000001,1.13135,1833494,2,0,2018-10-01
1541030400,1.13134,1.14994,1.12153,1.13155,1650616,2,0,2018-11-01
1543622400,1.13499,1.14855,1.12694,1.14558,1543294,2,0,2018-12-01
1546300800,1.1445400000000001,1.15698,1.12889,1.14461,1618224,2,0,2019-01-01
1548979200,1.14468,1.1488,1.12336,1.13696,1170778,2,0,2019-02-01
1551398400,1.13697,1.14477,1.11756,1.12166,1314873,0,0,2019-03-01
1554076800,1.12258,1.13235,1.11105,1.1214,1076088,2,0,2019-04-01
1556668800,1.12148,1.12644,1.11066,1.11676,1189360,1,0,2019-05-01
1559347200,1.11644,1.14116,1.11596,1.13693,1192123,1,0,2019-06-01
1561939200,1.1367,1.13707,1.10601,1.10749,1002696,1,0,2019-07-01
1564617600,1.10749,1.1249500000000001,1.0963,1.09893,1572648,1,0,2019-08-01
1567296000,1.09899,1.11094,1.08846,1.08991,1090978,1,0,2019-09-01
1569888000,1.08991,1.11793,1.0879,1.11514,999970,1,0,2019-10-01
1572566400,1.11514,1.11753,1.0981,1.10152,655523,1,0,2019-11-01
1575158400,1.10241,1.12392,1.10029,1.12171,674381,1,0,2019-12-01
1577836800,1.12132,1.12143,1.09922,1.10943,707187,1,0,2020-01-01
1580515200,1.10907,1.10927,1.07775,1.10293,842947,1,0,2020-02-01
1583020800,1.10407,1.14964,1.06355,1.10349,3374436,0,0,2020-03-01
1585699200,1.10299,1.1039,1.07269,1.09507,2080643,0,0,2020-04-01
1588291200,1.09485,1.1145,1.07664,1.11076,1119922,0,0,2020-05-01
1590969600,1.1115,1.14222,1.11003,1.12336,1540638,0,0,2020-06-01
1593561600,1.1234,1.19086,1.11847,1.17713,1173709,0,0,2020-07-01
1596240000,1.17697,1.1966,1.16957,1.19361,1118201,0,0,2020-08-01
1598918400,1.19358,1.20108,1.16122,1.1721,1109353,0,0,2020-09-01
1601510400,1.1721,1.1880600000000001,1.16398,1.16462,982834,0,0,2020-10-01
1604188800,1.16468,1.20034,1.16019,1.19256,1219418,0,0,2020-11-01
1606780800,1.19261,1.23099,1.19253,1.22155,1546421,0,0,2020-12-01
1609459200,1.22395,1.23494,1.20536,1.21353,1468046,0,0,2021-01-01
1612137600,1.21301,1.22432,1.19522,1.20727,1310905,0,0,2021-02-01
1614556800,1.20688,1.21132,1.17041,1.17298,1736292,0,0,2021-03-01
1617235200,1.17298,1.21502,1.17124,1.20208,1040524,0,0,2021-04-01
1619827200,1.20301,1.22664,1.1985999999999999,1.2225,1144726,0,0,2021-05-01
1622505600,1.22254,1.22543,1.18452,1.1856,1351314,0,0,2021-06-01
1625097600,1.18559,1.19087,1.17519,1.1873,1459063,0,0,2021-07-01
1627776000,1.18641,1.18997,1.1663999999999999,1.18083,1009495,0,0,2021-08-01
1630454400,1.18078,1.19091,1.15626,1.15769,1268195,0,0,2021-09-01
1633046400,1.1574,1.1692,1.15242,1.1562000000000001,1298408,0,0,2021-10-01
1635724800,1.15626,1.16162,1.1186099999999999,1.1338,1601917,0,0,2021-11-01
1638316800,1.1335,1.13861,1.1221700000000001,1.13755,1368067,0,0,2021-12-01
1640995200,1.13693,1.14829,1.11214,1.12333,1289073,0,0,2022-01-01
1643673600,1.12315,1.1495,1.11063,1.12178,1835794,0,0,2022-02-01
1646092800,1.12177,1.12331,1.0806,1.10665,2525122,0,0,2022-03-01
1648771200,1.10656,1.10757,1.04709,1.0546,1906482,0,0,2022-04-01
1651363200,1.05421,1.07869,1.03494,1.07326,2269465,0,0,2022-05-01
1654041600,1.0732,1.07739,1.0359099999999999,1.04827,2494719,0,0,2022-06-01
1656633600,1.04826,1.04854,0.99522,1.02258,2792153,0,0,2022-07-01
1659312000,1.02075,1.03688,0.99004,1.00545,2560915,0,0,2022-08-01
1661990400,1.0051,1.01979,0.95357,0.9799,2878666,0,0,2022-09-01
1664582400,0.97747,1.00933,0.96314,0.98827,3218906,0,0,2022-10-01
1667260800,0.98827,1.04969,0.97302,1.04055,2996546,0,0,2022-11-01
1669852800,1.0408,1.07363,1.0393,1.06976,2412294,0,0,2022-12-01
1672531200,1.07016,1.09294,1.04832,1.0861399999999999,2266204,0,0,2023-01-01
1675209600,1.08607,1.10329,1.0533,1.05741,1899269,0,0,2023-02-01
1677628800,1.05751,1.09299,1.0516,1.08429,2301680,0,0,2023-03-01
1680307200,1.08398,1.10956,1.07882,1.10163,1218243,0,0,2023-04-01
1682899200,1.10119,1.10918,1.06353,1.06885,1448202,0,0,2023-05-01
1685577600,1.06872,1.10122,1.06619,1.0909200000000001,1351321,0,0,2023-06-01
1688169600,1.0909,1.12758,1.08336,1.09964,1404226,0,0,2023-07-01
1690848000,1.09966,1.10653,1.07656,1.08427,1705707,0,0,2023-08-01
1693526400,1.08428,1.08818,1.04881,1.05735,1410406,0,0,2023-09-01
1696118400,1.05651,1.06947,1.0448,1.05752,1641027,0,0,2023-10-01
1698796800,1.05769,1.10169,1.05166,1.08866,1148913,0,0,2023-11-01
1701388800,1.08845,1.11396,1.07235,1.1036,2345850,0,0,2023-12-01
1704067200,1.10437,1.10451,1.07945,1.08174,4627233,0,0,2024-01-01
1706745600,1.08173,1.08976,1.06945,1.08038,2922218,0,0,2024-02-01
1709251200,1.08045,1.09813,1.07678,1.07917,1442560,0,0,2024-03-01
1711929600,1.0787,1.0885,1.0601099999999999,1.0665499999999999,909763,0,0,2024-04-01
1714521600,1.0665,1.08949,1.06494,1.08474,709103,0,0,2024-05-01
1717200000,1.085,1.0916,1.06659,1.07116,715912,0,0,2024-06-01
1719792000,1.0745,1.0948,1.0712,1.08247,793463,0,0,2024-07-01
1722470400,1.08238,1.12014,1.07773,1.10465,874519,0,0,2024-08-01
1725148800,1.10461,1.1214,1.10018,1.11341,813041,0,0,2024-09-01
1727740800,1.11334,1.11439,1.07611,1.08817,788735,0,0,2024-10-01
1730419200,1.08817,1.09369,1.03313,1.05755,930302,0,0,2024-11-01
1733011200,1.057,1.06296,1.03428,1.03493,848615,0,0,2024-12-01
1735689600,1.03515,1.0533,1.01772,1.0364,968773,0,0,2025-01-01
1738368000,1.02509,1.05286,1.02111,1.03743,978800,0,0,2025-02-01
1740787200,1.04025,1.09546,1.03885,1.08139,1409427,0,0,2025-03-01
1743465600,1.0813,1.15727,1.07779,1.13265,2347165,0,0,2025-04-01
1746057600,1.13259,1.14181,1.1065,1.13457,1638309,0,0,2025-05-01
1748736000,1.1346,1.17881,1.13398,1.17862,1485171,0,0,2025-06-01
1751328000,1.17849,1.18293,1.14002,1.14136,1265286,0,0,2025-07-01
1754006400,1.14119,1.1742,1.1391,1.16825,1107067,0,0,2025-08-01
1756684800,1.16943,1.19185,1.16077,1.1733,1104375,0,0,2025-09-01
1759276800,1.17339,1.17789,1.15211,1.15361,1146261,0,0,2025-10-01
1761955200,1.1529099999999999,1.16564,1.14688,1.15983,1029924,0,0,2025-11-01
1764547200,1.15891,1.1807699999999999,1.15891,1.17455,1196061,0,0,2025-12-01
1767225600,1.17486,1.20819,1.15775,1.18503,1955045,0,0,2026-01-01
1769904000,1.18491,1.19286,1.17418,1.18132,1798577,0,0,2026-02-01
1772323200,1.17713,1.17957,1.14108,1.15527,3124973,0,0,2026-03-01
1775001600,1.15519,1.1849,1.15019,1.17306,1905416,0,0,2026-04-01
1777593600,1.17316,1.17966,1.15763,1.16606,1595709,0,0,2026-05-01
1780272000,1.1652,1.16647,1.1324,1.14214,3935033,0,0,2026-06-01
1782864000,1.14209,1.15472,1.13533,1.15267,5671232,0,0,2026-07-01
